2072108,-7,139,ORD,ATW
2072010,0,402,ORD,FSD
2071005,-4,139,ORD,ATW
2070809,-2,113,ORD,PIA
2071323,8,151,ORD,GRB
2071636,15,281,ORD,LEX
2071248,-1,405,ORD,LNK
2070803,19,661,ORD,CHS
2071107,8,312,ORD,CMX
2071512,3,58,ORD,MKE
2070733,5,58,ORD,MKE
2072100,-7,58,ORD,MKE
2070826,0,58,ORD,MKE
2071356,3,345,ORD,DLH
2072100,-1,345,ORD,DLH
2071759,4,136,ORD,FWA
2071915,-5,466,ORD,AVL
2071309,1,298,ORD,PAH
2071340,67,136,ORD,FWA
2070846,41,345,ORD,DLH
2072122,-3,312,ORD,CMX
2071309,6,193,ORD,MBS
2070636,-6,136,ORD,FWA
2071203,7,58,ORD,MKE
2070618,-9,193,ORD,MBS
2072103,-2,298,ORD,PAH
2071738,0,193,ORD,MBS
2070650,4,58,ORD,MKE
2072126,7,151,ORD,SPI
2070950,1,103,ORD,MKG
2071620,-3,58,ORD,MKE
2072127,-1,233,ORD,EAU
2071710,11,58,ORD,MKE
2071803,7,58,ORD,MKE
2071042,-3,58,ORD,MKE
2071703,38,103,ORD,MKG
2071100,-3,151,ORD,SPI
2070922,33,58,ORD,MKE
2071314,8,233,ORD,EAU
2071710,-3,151,ORD,SPI
2070950,0,939,ORD,MTJ
2072127,1,170,ORD,CID
2070749,107,170,ORD,CID
2072051,-2,792,ORD,COS
2071835,-2,230,ORD,CVG
2072110,1,209,ORD,DAY
2071224,2,905,ORD,SAT
2071514,0,209,ORD,DAY
2070603,-2,274,ORD,CLE
2071502,2,139,ORD,ATW
2071610,3,697,ORD,DFW
2071645,0,381,ORD,SGF
2072018,66,1086,ORD,SLC
2071158,164,753,ORD,BOS
2070945,-2,402,ORD,FSD
2070952,-4,274,ORD,CLE
2070702,13,260,ORD,DSM
2070946,3,509,ORD,TUL
2071700,46,697,ORD,DFW
2071814,4,792,ORD,COS
2071755,76,1086,ORD,SLC
2081735,36,290,ORD,MSP
2080845,-7,290,ORD,MSP
2081340,-3,1086,ORD,SLC
2080745,-8,1086,ORD,SLC
2081310,1,527,ORD,ATL
2080950,7,971,ORD,ABQ
2080954,-2,880,ORD,ASE
2080813,1,880,ORD,ASE
2081800,12,880,ORD,ASE
2081520,15,880,ORD,ASE
2081201,11,880,ORD,ASE
2080650,-5,562,ORD,RDU
2081243,8,427,ORD,MEM
2081810,36,509,ORD,TUL
2080753,-2,661,ORD,CHS
2081107,28,312,ORD,CMX
2081514,15,58,ORD,MKE
2080733,-2,58,ORD,MKE
2080824,-3,58,ORD,MKE
2081356,-2,345,ORD,DLH
2081940,53,345,ORD,DLH
2081608,0,136,ORD,FWA
2081915,-1,466,ORD,AVL
2081309,24,298,ORD,PAH
2080846,5,345,ORD,DLH
2082000,13,312,ORD,CMX
2081313,-1,193,ORD,MBS
2080830,-10,136,ORD,FWA
2081203,46,58,ORD,MKE
2080815,-3,193,ORD,MBS
2081935,0,298,ORD,PAH
2082000,18,151,ORD,SPI
2080950,5,103,ORD,MKG
2081620,0,58,ORD,MKE
2081955,-2,233,ORD,EAU
2081710,74,58,ORD,MKE
2082000,6,58,ORD,MKE
2081048,-7,58,ORD,MKE
2081503,0,103,ORD,MKG
2081100,-6,151,ORD,SPI
2080925,18,58,ORD,MKE
2081329,35,233,ORD,EAU
2081500,0,151,ORD,SPI
2080944,1,939,ORD,MTJ
2080749,-1,170,ORD,CID
2081457,12,350,ORD,MCI
2080859,-4,527,ORD,ATL
2081930,51,623,ORD,ORF
2080722,-5,209,ORD,DAY
2081605,49,154,ORD,IND
2081502,0,139,ORD,ATW
2080756,13,154,ORD,IND
2081730,45,1086,ORD,SLC
2081158,-2,753,ORD,BOS
2081805,25,905,ORD,SAT
2081504,23,260,ORD,DSM
2081814,43,792,ORD,COS
2081746,145,850,ORD,AUS
2081815,1,507,ORD,BHM
2081405,1,274,ORD,CLE
2081219,-4,792,ORD,COS
2080806,2,361,ORD,OMA
2091130,-1,427,ORD,MEM
2091340,-3,1086,ORD,SLC
2090740,-4,1086,ORD,SLC
2091640,-1,1086,ORD,SLC
2091834,26,1086,ORD,SLC
2091311,-2,257,ORD,CMH
2091540,27,511,ORD,ICT
2090747,-5,974,ORD,RSW
2091706,19,1249,ORD,BOI
2090950,8,971,ORD,ABQ
2090813,66,880,ORD,ASE
2091700,-4,880,ORD,ASE
2091200,14,905,ORD,SAT
2091501,3,880,ORD,ASE
2091835,2,230,ORD,CVG
2091201,123,880,ORD,ASE
2092105,24,511,ORD,IAD
2090855,17,527,ORD,ATL
2091146,52,484,ORD,FAR
2090801,-4,121,ORD,MLI
2092010,-3,402,ORD,FSD
2091603,-5,359,ORD,PIT
2090805,-4,151,ORD,GRB
2092108,-5,139,ORD,ATW
2091649,28,281,ORD,LEX
2091254,-5,405,ORD,LNK
2091645,-4,381,ORD,SGF
2090801,-1,154,ORD,IND
2091326,33,527,ORD,SYR
2091108,-7,312,ORD,CMX
2091512,0,58,ORD,MKE
2090733,-6,58,ORD,MKE
2092100,11,58,ORD,MKE
2090816,17,58,ORD,MKE
2091400,20,345,ORD,DLH
2092100,4,345,ORD,DLH
2091759,2,136,ORD,FWA
2091915,26,466,ORD,AVL
2091311,-2,298,ORD,PAH
2091348,0,136,ORD,FWA
2090846,-10,345,ORD,DLH
2092122,-8,312,ORD,CMX
2091300,-4,193,ORD,MBS
2091203,1,58,ORD,MKE
2090821,42,193,ORD,MBS
2092103,-8,298,ORD,PAH
2091738,24,193,ORD,MBS
2090633,84,58,ORD,MKE
2092126,-5,151,ORD,SPI
2090944,33,103,ORD,MKG
2091621,-2,58,ORD,MKE
2092127,-8,233,ORD,EAU
2091711,23,58,ORD,MKE
2091803,-6,58,ORD,MKE
2091045,-1,58,ORD,MKE
2091703,91,103,ORD,MKG
2091052,-5,151,ORD,SPI
2090922,50,58,ORD,MKE
2091314,124,233,ORD,EAU
2091710,-1,151,ORD,SPI
2090950,17,939,ORD,MTJ
2091700,43,697,ORD,DFW
2090946,-9,509,ORD,TUL
2090749,6,170,ORD,CID
2092051,37,792,ORD,COS
2091700,-4,905,ORD,SAT
2091755,2,1086,ORD,SLC
2091237,-7,361,ORD,OMA
2091815,0,792,ORD,COS
2091503,9,139,ORD,ATW
2090806,-1,230,ORD,CVG
2091610,26,697,ORD,DFW
2092018,18,1086,ORD,SLC
2092110,10,209,ORD,DAY
2091820,-5,507,ORD,BHM
2091643,27,94,ORD,MSN
2092015,-7,509,ORD,TUL
2101340,-1,1086,ORD,SLC
2100745,18,1086,ORD,SLC
2101640,-1,1086,ORD,SLC
2100620,-1,427,ORD,MEM
2101834,-6,1086,ORD,SLC
2102105,13,511,ORD,IAD
2101935,0,507,ORD,BHM
2101706,23,1249,ORD,BOI
2100950,1,971,ORD,ABQ
2100813,13,880,ORD,ASE
2101813,0,880,ORD,ASE
2101239,-7,905,ORD,SAT
2101458,56,230,ORD,CVG
2101225,72,880,ORD,ASE
2100600,29,511,ORD,IAD
2102010,1,402,ORD,FSD
2101005,26,139,ORD,ATW
2100809,-2,113,ORD,PIA
2101323,-1,151,ORD,GRB
2101636,-1,281,ORD,LEX
2101248,17,405,ORD,LNK
2100803,12,661,ORD,CHS
2101107,-10,312,ORD,CMX
2101512,-2,58,ORD,MKE
2100733,7,58,ORD,MKE
2102100,17,58,ORD,MKE
2100826,5,58,ORD,MKE
2101356,-6,345,ORD,DLH
2102100,4,345,ORD,DLH
2101759,-4,136,ORD,FWA
2101915,81,466,ORD,AVL
2101309,-3,298,ORD,PAH
2101340,-2,136,ORD,FWA
2100846,45,345,ORD,DLH
2102122,-4,312,ORD,CMX
2101309,4,193,ORD,MBS
2100636,65,136,ORD,FWA
2101203,-3,58,ORD,MKE
2100618,-1,193,ORD,MBS
2102103,-6,298,ORD,PAH
2101738,83,193,ORD,MBS
2100650,-3,58,ORD,MKE
2102126,-3,151,ORD,SPI
2100950,33,103,ORD,MKG
2101620,7,58,ORD,MKE
2102127,20,233,ORD,EAU
2101710,0,58,ORD,MKE
2101803,-4,58,ORD,MKE
2101042,2,58,ORD,MKE
2101703,-2,103,ORD,MKG
2101100,-2,151,ORD,SPI
2100922,-3,58,ORD,MKE
2101314,10,233,ORD,EAU
2101710,-9,151,ORD,SPI
2100950,-3,939,ORD,MTJ
2100749,-1,170,ORD,CID
2102051,27,792,ORD,COS
2101835,46,230,ORD,CVG
2102110,-4,209,ORD,DAY
2101700,-4,905,ORD,SAT
2101514,47,209,ORD,DAY
2100603,60,274,ORD,CLE
2100946,4,509,ORD,TUL
2101502,12,139,ORD,ATW
2101610,13,697,ORD,DFW
2101645,21,381,ORD,SGF
2102018,172,1086,ORD,SLC
2101158,-1,753,ORD,BOS
2100945,11,402,ORD,FSD
2100952,1,274,ORD,CLE
2100702,9,260,ORD,DSM
2101700,18,697,ORD,DFW
2102108,35,139,ORD,ATW
2101814,-2,792,ORD,COS
2101755,79,1086,ORD,SLC
2102127,34,170,ORD,CID
2111340,0,1086,ORD,SLC
2110745,0,1086,ORD,SLC
2111740,38,1086,ORD,SLC
2110620,135,427,ORD,MEM
2112101,0,532,ORD,DCA
2110950,22,971,ORD,ABQ
2110813,5,880,ORD,ASE
2111700,1,880,ORD,ASE
2111224,-4,905,ORD,SAT
2111201,0,880,ORD,ASE
2110946,5,509,ORD,TUL
2112046,0,405,ORD,LNK
2111611,8,480,ORD,LIT
2111005,-7,139,ORD,ATW
2111333,-5,623,ORD,ORF
2110806,-4,113,ORD,PIA
2111314,12,151,ORD,GRB
2111636,-3,281,ORD,LEX
2111248,-6,405,ORD,LNK
2111441,-5,119,ORD,GRR
2112024,19,509,ORD,TUL
2111107,-7,312,ORD,CMX
2111510,-5,58,ORD,MKE
2110733,-2,58,ORD,MKE
2112100,-1,58,ORD,MKE
2110816,29,58,ORD,MKE
2111354,-1,345,ORD,DLH
2112100,-9,345,ORD,DLH
2111759,17,136,ORD,FWA
2111915,9,466,ORD,AVL
2111309,12,298,ORD,PAH
2111344,14,136,ORD,FWA
2110846,17,345,ORD,DLH
2112122,-6,312,ORD,CMX
2111309,4,193,ORD,MBS
2110636,-4,136,ORD,FWA
2111200,-7,58,ORD,MKE
2110618,-1,193,ORD,MBS
2112105,3,298,ORD,PAH
2111738,-4,193,ORD,MBS
2110650,-4,58,ORD,MKE
2112126,-18,151,ORD,SPI
2110950,0,103,ORD,MKG
2111705,4,58,ORD,MKE
2112127,-7,233,ORD,EAU
2111415,49,58,ORD,MKE
2111809,-5,58,ORD,MKE
2111052,36,58,ORD,MKE
2111703,-5,103,ORD,MKG
2111058,5,151,ORD,SPI
2110922,9,58,ORD,MKE
2111314,-6,233,ORD,EAU
2111710,15,151,ORD,SPI
2111540,-6,154,ORD,IND
2110950,3,939,ORD,MTJ
2111835,33,623,ORD,ORF
2110756,-5,170,ORD,CID
2112051,-4,792,ORD,COS
2111700,-3,905,ORD,SAT
2112110,45,209,ORD,DAY
2110603,-5,274,ORD,CLE
2112010,17,402,ORD,FSD
2111851,25,727,ORD,MSY
2110909,-4,521,ORD,CLT
2110747,20,154,ORD,IND
2111502,-2,139,ORD,ATW
2111601,-4,697,ORD,DFW
2111645,5,381,ORD,SGF
2112035,11,1086,ORD,SLC
2110945,-6,402,ORD,FSD
2111501,19,230,ORD,CVG
2110702,-7,260,ORD,DSM
2111223,-2,850,ORD,AUS
2111741,13,170,ORD,CID
2112108,4,139,ORD,ATW
2111814,5,792,ORD,COS
2112053,40,697,ORD,DFW
2112024,-6,602,ORD,OKC
2111755,34,1086,ORD,SLC
2110945,-10,170,ORD,CID
2121340,-1,1086,ORD,SLC
2120745,-8,1086,ORD,SLC
2121740,-3,1086,ORD,SLC
2120620,-4,427,ORD,MEM
2120656,47,532,ORD,DCA
2122100,14,402,ORD,FSD
2121700,0,697,ORD,DFW
2121730,15,402,ORD,FSD
2120950,-5,971,ORD,ABQ
2120813,-2,880,ORD,ASE
2121700,60,880,ORD,ASE
2121224,2,905,ORD,SAT
2121311,0,204,ORD,DTW
2121458,10,230,ORD,CVG
2121201,11,880,ORD,ASE
2121549,21,511,ORD,ICT
2120600,-3,511,ORD,IAD
2120815,-3,154,ORD,IND
2121005,-6,139,ORD,ATW
2121324,-2,623,ORD,ORF
2120806,-6,113,ORD,PIA
2121248,-3,405,ORD,LNK
2121645,2,381,ORD,SGF
2120803,0,661,ORD,CHS
2121313,-4,527,ORD,SYR
2121107,-10,312,ORD,CMX
2121510,15,58,ORD,MKE
2120733,36,58,ORD,MKE
2122100,2,58,ORD,MKE
2120830,20,58,ORD,MKE
2121354,-5,345,ORD,DLH
2122100,-2,345,ORD,DLH
2121809,-3,136,ORD,FWA
2121915,0,466,ORD,AVL
2121309,63,298,ORD,PAH
2121340,19,136,ORD,FWA
2120846,-7,345,ORD,DLH
2122122,-7,312,ORD,CMX
2121309,-5,193,ORD,MBS
2120636,6,136,ORD,FWA
2121203,27,58,ORD,MKE
2120618,-1,193,ORD,MBS
2122103,-5,298,ORD,PAH
2121758,0,193,ORD,MBS
2120650,-5,58,ORD,MKE
2122126,-5,151,ORD,SPI
2120950,-4,103,ORD,MKG
2121705,12,58,ORD,MKE
2122127,-6,233,ORD,EAU
2121415,-1,58,ORD,MKE
2121819,-2,58,ORD,MKE
2121042,9,58,ORD,MKE
2121703,43,103,ORD,MKG
2121058,4,151,ORD,SPI
2120922,4,58,ORD,MKE
2121314,3,233,ORD,EAU
2121710,1,151,ORD,SPI
2120950,0,939,ORD,MTJ
2121825,59,792,ORD,COS
2120946,0,509,ORD,TUL
2120749,-2,170,ORD,CID
2122051,21,792,ORD,COS
2122110,-2,209,ORD,DAY
2122105,0,511,ORD,IAD
2121219,-1,792,ORD,COS
2121514,-2,209,ORD,DAY
2120603,8,274,ORD,CLE
2121700,36,905,ORD,SAT
2120931,-5,260,ORD,DSM
2121502,9,139,ORD,ATW
2121602,48,697,ORD,DFW
2121755,23,1086,ORD,SLC
2120945,127,402,ORD,FSD
2120938,60,697,ORD,DFW
2121404,4,274,ORD,CLE
2120702,5,260,ORD,DSM
2121640,14,94,ORD,MSN
2121751,41,170,ORD,CID
2122122,-1,727,ORD,MSY
2121653,5,361,ORD,OMA
2131340,6,1086,ORD,SLC
2130745,14,1086,ORD,SLC
2131640,152,1086,ORD,SLC
2130620,31,427,ORD,MEM
2131834,-3,1086,ORD,SLC
2130952,-2,230,ORD,CVG
2131509,17,507,ORD,BHM
2131708,47,1249,ORD,BOI
2130658,18,257,ORD,CMH
2130952,53,971,ORD,ABQ
2130909,16,274,ORD,CLE
2130807,69,880,ORD,ASE
2131707,41,880,ORD,ASE
2131156,17,905,ORD,SAT
2131545,8,880,ORD,ASE
2131159,-5,880,ORD,ASE
2131456,3,224,ORD,STL
2131435,19,154,ORD,IND
2131320,-2,661,ORD,CHS
2130820,-2,230,ORD,CVG
2131531,70,484,ORD,FAR
2130811,-4,151,ORD,GRB
2130805,-3,281,ORD,LEX
2131248,78,405,ORD,LNK
2131155,-5,381,ORD,SGF
2131210,29,602,ORD,OKC
2132010,12,509,ORD,TUL
2131833,13,230,ORD,CVG
2131103,0,312,ORD,CMX
2131518,11,58,ORD,MKE
2130735,-5,58,ORD,MKE
2132100,0,58,ORD,MKE
2130815,9,58,ORD,MKE
2131339,65,345,ORD,DLH
2132100,35,345,ORD,DLH
2131754,155,136,ORD,FWA
2131904,70,466,ORD,AVL
2131307,0,298,ORD,PAH
2131334,52,136,ORD,FWA
2130853,-6,345,ORD,DLH
2132121,7,312,ORD,CMX
2131311,2,193,ORD,MBS
2130636,-6,136,ORD,FWA
2131155,31,58,ORD,MKE
2130616,-1,193,ORD,MBS
2132100,59,298,ORD,PAH
2131737,36,193,ORD,MBS
2130629,-6,58,ORD,MKE
2132128,16,151,ORD,SPI
2130950,-8,103,ORD,MKG
2131608,3,58,ORD,MKE
2132128,-6,233,ORD,EAU
2131708,70,58,ORD,MKE
2131809,43,58,ORD,MKE
2131053,-5,58,ORD,MKE
2131705,1,103,ORD,MKG
2131114,24,151,ORD,SPI
2130921,34,58,ORD,MKE
2131316,23,233,ORD,EAU
2131703,56,151,ORD,SPI
2130810,-10,484,ORD,FAR
2130957,52,939,ORD,MTJ
2131759,17,792,ORD,COS
2132048,66,792,ORD,COS
2131710,73,905,ORD,SAT
2131418,48,73,ORD,SBN
2131635,22,194,ORD,TVC
2130822,-6,454,ORD,XNA
2130946,-3,509,ORD,TUL
2131637,69,154,ORD,IND
2131505,131,139,ORD,ATW
2130624,-2,290,ORD,MSP
2131615,24,697,ORD,DFW
2132005,9,1086,ORD,SLC
2132010,137,402,ORD,FSD
2131227,24,697,ORD,DFW
2131117,0,511,ORD,IAD
2131810,27,94,ORD,MSN
2131311,25,94,ORD,MSN
2132046,71,361,ORD,OMA
2131810,17,1086,ORD,SLC
2131712,82,361,ORD,OMA
2130634,-3,94,ORD,MSN
2141340,1,1086,ORD,SLC
2140745,16,1086,ORD,SLC
2141640,-6,1086,ORD,SLC
2141700,45,230,ORD,CVG
2141513,5,290,ORD,MSP
2140635,23,230,ORD,CVG
2141058,-2,290,ORD,MSP
2141834,-4,1086,ORD,SLC
2141509,0,507,ORD,BHM
2141708,6,1249,ORD,BOI
2140707,-1,274,ORD,CLE
2140807,54,880,ORD,ASE
2142005,34,880,ORD,ASE
2141156,11,905,ORD,SAT
2140952,0,230,ORD,CVG
2141545,5,880,ORD,ASE
2141159,10,880,ORD,ASE
2140909,-2,274,ORD,CLE
2141427,120,154,ORD,IND
2140952,-5,971,ORD,ABQ
2141320,0,661,ORD,CHS
2140820,35,230,ORD,CVG
2141531,9,484,ORD,FAR
2140811,3,151,ORD,GRB
2140805,-7,281,ORD,LEX
2141248,-2,405,ORD,LNK
2141155,7,381,ORD,SGF
2141456,26,224,ORD,STL
2142010,-2,509,ORD,TUL
2141833,43,230,ORD,CVG
2141310,-3,466,ORD,AVL
2141103,8,312,ORD,CMX
2141518,28,58,ORD,MKE
2140735,-5,58,ORD,MKE
2142100,35,58,ORD,MKE
2140815,-1,58,ORD,MKE
2141339,-3,345,ORD,DLH
2142100,13,345,ORD,DLH
2141754,144,136,ORD,FWA
2141904,10,466,ORD,AVL
2141307,24,298,ORD,PAH
2141334,-6,136,ORD,FWA
2140853,3,345,ORD,DLH
2142121,9,312,ORD,CMX
2141311,-9,193,ORD,MBS
2140636,18,136,ORD,FWA
2141155,0,58,ORD,MKE
2140616,-1,193,ORD,MBS
2142100,9,298,ORD,PAH
2141737,33,193,ORD,MBS
2140629,-1,58,ORD,MKE
2142128,84,151,ORD,SPI
2140950,54,103,ORD,MKG
2141608,-3,58,ORD,MKE
2142128,-5,233,ORD,EAU
2141708,9,58,ORD,MKE
2141809,28,58,ORD,MKE
2141053,-6,58,ORD,MKE
2141705,-1,103,ORD,MKG
2141114,-6,151,ORD,SPI
2140921,2,58,ORD,MKE
2141316,-3,233,ORD,EAU
2141703,8,151,ORD,SPI
2140810,0,484,ORD,FAR
2140957,1,939,ORD,MTJ
2142048,69,792,ORD,COS
2140945,1,880,ORD,ASE
2141710,4,905,ORD,SAT
2141418,24,73,ORD,SBN
2141635,3,194,ORD,TVC
2140822,1,454,ORD,XNA
2140946,-4,509,ORD,TUL
2141637,18,154,ORD,IND
2141505,7,139,ORD,ATW
2140624,23,290,ORD,MSP
2141615,2,697,ORD,DFW
2142005,50,1086,ORD,SLC
2142010,25,402,ORD,FSD
2141227,43,697,ORD,DFW
2141759,43,792,ORD,COS
2141117,33,511,ORD,IAD
2141810,8,94,ORD,MSN
2141311,4,94,ORD,MSN
2142046,87,361,ORD,OMA
2141810,11,1086,ORD,SLC
2141712,2,361,ORD,OMA
2140634,10,94,ORD,MSN
2151340,-5,1086,ORD,SLC
2150745,-5,1086,ORD,SLC
2151305,180,290,ORD,MSP
2150807,4,880,ORD,ASE
2151800,0,880,ORD,ASE
2151156,1,905,ORD,SAT
2150811,-5,151,ORD,GRB
2151212,-2,939,ORD,MTJ
2151545,0,880,ORD,ASE
2150815,-5,511,ORD,ICT
2151159,137,880,ORD,ASE
2151418,-3,73,ORD,SBN
2150805,45,281,ORD,LEX
2151248,1,405,ORD,LNK
2151155,29,381,ORD,SGF
2150759,11,661,ORD,CHS
2151950,26,527,ORD,SYR
2151103,8,312,ORD,CMX
2151510,0,58,ORD,MKE
2150735,-4,58,ORD,MKE
2150815,-3,58,ORD,MKE
2151333,-7,345,ORD,DLH
2151940,9,345,ORD,DLH
2151600,-2,136,ORD,FWA
2151935,-2,466,ORD,AVL
2151307,-7,298,ORD,PAH
2150853,2,345,ORD,DLH
2151930,12,312,ORD,CMX
2151311,-8,193,ORD,MBS
2150830,-3,136,ORD,FWA
2151155,-3,58,ORD,MKE
2150815,44,193,ORD,MBS
2151935,-1,298,ORD,PAH
2152000,13,151,ORD,SPI
2150950,-10,103,ORD,MKG
2151608,1,58,ORD,MKE
2151955,8,233,ORD,EAU
2151334,4,58,ORD,MKE
2152015,36,58,ORD,MKE
2151053,-3,58,ORD,MKE
2151610,-5,103,ORD,MKG
2151114,-7,151,ORD,SPI
2150921,34,58,ORD,MKE
2151316,34,233,ORD,EAU
2151600,-8,151,ORD,SPI
2151630,-2,94,ORD,MSN
2151810,0,1074,ORD,ELP
2150947,-4,402,ORD,FSD
2150810,-2,94,ORD,MSN
2151501,-1,139,ORD,ATW
2151810,73,509,ORD,TUL
2150950,138,880,ORD,ASE
2151535,0,509,ORD,TUL
2151810,7,1086,ORD,SLC
2151815,12,402,ORD,FSD
2151930,30,230,ORD,CVG
2151805,-5,792,ORD,COS
2150945,10,877,ORD,HDN
2151311,14,94,ORD,MSN
2150945,9,896,ORD,GUC
2151210,28,792,ORD,COS
2161508,-7,290,ORD,MSP
2161215,-2,204,ORD,DTW
2161340,-5,1086,ORD,SLC
2160745,-1,1086,ORD,SLC
2161640,-6,1086,ORD,SLC
2160705,132,532,ORD,DCA
2161708,0,1249,ORD,BOI
2162110,3,427,ORD,MEM
2160807,-1,204,ORD,DTW
2160807,1,880,ORD,ASE
2161707,0,880,ORD,ASE
2161156,-1,905,ORD,SAT
2160811,1,151,ORD,GRB
2161210,30,939,ORD,MTJ
2161545,23,880,ORD,ASE
2161205,86,880,ORD,ASE
2160946,-1,509,ORD,TUL
2161418,4,73,ORD,SBN
2161536,12,484,ORD,FAR
2160909,7,274,ORD,CLE
2161427,12,154,ORD,IND
2161615,4,697,ORD,DFW
2160952,19,971,ORD,ABQ
2161320,-5,661,ORD,CHS
2161248,-2,405,ORD,LNK
2160819,22,850,ORD,AUS
2161310,138,466,ORD,AVL
2161103,-2,312,ORD,CMX
2161518,20,58,ORD,MKE
2160735,-6,58,ORD,MKE
2162100,-2,58,ORD,MKE
2160815,22,58,ORD,MKE
2161336,-8,345,ORD,DLH
2162100,-2,345,ORD,DLH
2161754,131,136,ORD,FWA
2161904,5,466,ORD,AVL
2161307,43,298,ORD,PAH
2161334,-9,136,ORD,FWA
2160853,36,345,ORD,DLH
2162121,107,312,ORD,CMX
2161311,0,193,ORD,MBS
2161155,4,58,ORD,MKE
2160815,-7,193,ORD,MBS
2162100,118,298,ORD,PAH
2161737,33,193,ORD,MBS
2160631,-3,58,ORD,MKE
2162131,20,151,ORD,SPI
2160950,48,103,ORD,MKG
2161608,-1,58,ORD,MKE
2162128,2,233,ORD,EAU
2161600,1,312,ORD,CMX
2161708,7,58,ORD,MKE
2161809,7,58,ORD,MKE
2161053,-2,58,ORD,MKE
2161705,13,103,ORD,MKG
2161114,20,151,ORD,SPI
2160921,-3,58,ORD,MKE
2161316,21,233,ORD,EAU
2161703,39,151,ORD,SPI
2160957,-5,939,ORD,MTJ
2161759,19,792,ORD,COS
2162052,135,792,ORD,COS
2161637,47,154,ORD,IND
2161635,60,194,ORD,TVC
2161710,30,905,ORD,SAT
2160952,2,230,ORD,CVG
2160947,-2,402,ORD,FSD
2161505,-1,139,ORD,ATW
2161311,5,94,ORD,MSN
2162005,29,1086,ORD,SLC
2162010,54,509,ORD,TUL
2161231,59,697,ORD,DFW
2160758,7,94,ORD,MSN
2162100,35,230,ORD,CVG
2161122,48,511,ORD,IAD
2161820,22,94,ORD,MSN
2161712,8,361,ORD,OMA
2161810,41,1086,ORD,SLC
2162046,-1,361,ORD,OMA
2171340,169,1086,ORD,SLC
2171700,269,230,ORD,CVG
2170752,63,290,ORD,MSP
2170635,-5,230,ORD,CVG
2171834,127,1086,ORD,SLC
2171708,202,1249,ORD,BOI
2170707,-5,274,ORD,CLE
2170807,2,880,ORD,ASE
2172005,0,880,ORD,ASE
2171156,0,905,ORD,SAT
2170952,0,230,ORD,CVG
2171545,94,880,ORD,ASE
2171159,0,880,ORD,ASE
2170909,7,274,ORD,CLE
2171427,0,154,ORD,IND
2170952,27,971,ORD,ABQ
2171320,0,661,ORD,CHS
2170820,0,230,ORD,CVG
2171531,0,484,ORD,FAR
2170811,0,151,ORD,GRB
2170805,0,281,ORD,LEX
2171248,7,405,ORD,LNK
2171155,0,381,ORD,SGF
2171456,52,224,ORD,STL
2172010,26,509,ORD,TUL
2171833,49,230,ORD,CVG
2171310,7,466,ORD,AVL
2171103,-1,312,ORD,CMX
2171518,0,58,ORD,MKE
2170735,1,58,ORD,MKE
2172100,67,58,ORD,MKE
2170815,-3,58,ORD,MKE
2171339,38,345,ORD,DLH
2172100,147,345,ORD,DLH
2171754,0,136,ORD,FWA
2171904,-3,466,ORD,AVL
2171307,0,298,ORD,PAH
2171334,0,136,ORD,FWA
2170853,0,345,ORD,DLH
2172121,89,312,ORD,CMX
2171311,-1,193,ORD,MBS
2170636,0,136,ORD,FWA
2171155,-3,58,ORD,MKE
2170616,0,193,ORD,MBS
2172100,0,298,ORD,PAH
2171737,0,193,ORD,MBS
2170629,-3,58,ORD,MKE
2172128,4,151,ORD,SPI
2170950,-5,103,ORD,MKG
2171608,0,58,ORD,MKE
2172128,116,233,ORD,EAU
2171600,0,312,ORD,CMX
2171708,0,58,ORD,MKE
2171809,0,58,ORD,MKE
2171053,0,58,ORD,MKE
2171705,0,103,ORD,MKG
2171114,0,151,ORD,SPI
2170921,0,58,ORD,MKE
2171316,-1,233,ORD,EAU
2171703,0,151,ORD,SPI
2170810,0,484,ORD,FAR
2170957,0,939,ORD,MTJ
2172048,136,792,ORD,COS
2170945,24,880,ORD,ASE
2171710,45,905,ORD,SAT
2171418,0,73,ORD,SBN
2171635,0,194,ORD,TVC
2170822,0,454,ORD,XNA
2170946,0,509,ORD,TUL
2171637,0,154,ORD,IND
2170624,0,290,ORD,MSP
2171505,0,139,ORD,ATW
2171615,101,697,ORD,DFW
2172005,175,1086,ORD,SLC
2172010,17,402,ORD,FSD
2171227,0,697,ORD,DFW
2171759,297,792,ORD,COS
2171117,4,511,ORD,IAD
2171810,0,94,ORD,MSN
2171311,0,94,ORD,MSN
2172046,191,361,ORD,OMA
2171810,308,1086,ORD,SLC
2171712,0,361,ORD,OMA
2170634,-1,94,ORD,MSN
2181340,16,1086,ORD,SLC
2180745,8,1086,ORD,SLC
2181725,64,1086,ORD,SLC
2181700,-6,230,ORD,CVG
2181508,-4,290,ORD,MSP
2180635,-5,230,ORD,CVG
2181509,42,507,ORD,BHM
2180807,187,880,ORD,ASE
2181707,8,880,ORD,ASE
2181156,23,905,ORD,SAT
2181708,28,1249,ORD,BOI
2181538,82,880,ORD,ASE
2180952,14,230,ORD,CVG
2181159,35,880,ORD,ASE
2181210,127,602,ORD,OKC
2180952,-2,971,ORD,ABQ
2180811,41,151,ORD,GRB
2180820,17,230,ORD,CVG
2181531,169,484,ORD,FAR
2180805,-2,281,ORD,LEX
2181248,69,405,ORD,LNK
2181155,63,381,ORD,SGF
2181320,61,661,ORD,CHS
2181103,66,312,ORD,CMX
2181518,16,58,ORD,MKE
2180730,24,58,ORD,MKE
2182100,91,58,ORD,MKE
2180815,-2,58,ORD,MKE
2181339,194,345,ORD,DLH
2182100,0,345,ORD,DLH
2181754,0,136,ORD,FWA
2181904,8,466,ORD,AVL
2181307,44,298,ORD,PAH
2181334,4,136,ORD,FWA
2180853,25,345,ORD,DLH
2182121,0,312,ORD,CMX
2181311,18,193,ORD,MBS
2180636,14,136,ORD,FWA
2181155,67,58,ORD,MKE
2180616,-4,193,ORD,MBS
2182100,-1,298,ORD,PAH
2181737,5,193,ORD,MBS
2180629,74,58,ORD,MKE
2182128,45,151,ORD,SPI
2180950,48,103,ORD,MKG
2181608,-3,58,ORD,MKE
2182128,-10,233,ORD,EAU
2181708,83,58,ORD,MKE
2181809,152,58,ORD,MKE
2181053,98,58,ORD,MKE
2181705,-3,103,ORD,MKG
2181114,64,151,ORD,SPI
2180921,36,58,ORD,MKE
2181316,4,233,ORD,EAU
2181703,23,151,ORD,SPI
2180810,-6,484,ORD,FAR
2180957,64,939,ORD,MTJ
2182046,12,361,ORD,OMA
2180707,3,274,ORD,CLE
2181833,75,230,ORD,CVG
2182015,44,602,ORD,OKC
2181710,49,905,ORD,SAT
2181418,63,73,ORD,SBN
2181635,15,194,ORD,TVC
2180822,58,454,ORD,XNA
2180946,43,509,ORD,TUL
2181637,7,154,ORD,IND
2181505,47,139,ORD,ATW
2180624,29,290,ORD,MSP
2181439,74,154,ORD,IND
2181615,18,697,ORD,DFW
2182005,36,1086,ORD,SLC
2180947,55,402,ORD,FSD
2182010,9,402,ORD,FSD
2181227,45,697,ORD,DFW
2182033,8,1074,ORD,ELP
2181759,130,792,ORD,COS
2181117,23,511,ORD,IAD
2181810,-5,94,ORD,MSN
2181311,34,94,ORD,MSN
2181712,138,361,ORD,OMA
2181810,9,1086,ORD,SLC
2180634,-4,94,ORD,MSN
2191340,0,1086,ORD,SLC
2190745,4,1086,ORD,SLC
2191640,-9,1086,ORD,SLC
2191700,-5,230,ORD,CVG
2191508,-6,290,ORD,MSP
2190635,5,230,ORD,CVG
2191834,0,1086,ORD,SLC
2191509,-2,507,ORD,BHM
2190807,-4,880,ORD,ASE
2191707,5,880,ORD,ASE
2191156,-2,905,ORD,SAT
2190600,-3,562,ORD,RDU
2191708,-7,1249,ORD,BOI
2191542,-3,880,ORD,ASE
2191833,11,230,ORD,CVG
2191159,-4,880,ORD,ASE
2191210,-3,602,ORD,OKC
2190952,-4,971,ORD,ABQ
2191320,-2,661,ORD,CHS
2190820,3,230,ORD,CVG
2191531,-8,484,ORD,FAR
2190811,-6,151,ORD,GRB
2190805,57,281,ORD,LEX
2191248,-4,405,ORD,LNK
2191155,-5,381,ORD,SGF
2192010,-8,509,ORD,TUL
2191103,-2,312,ORD,CMX
2191518,1,58,ORD,MKE
2190730,-1,58,ORD,MKE
2192100,-6,58,ORD,MKE
2190815,-4,58,ORD,MKE
2191339,-1,345,ORD,DLH
2192100,-6,345,ORD,DLH
2191754,-1,136,ORD,FWA
2191904,-5,466,ORD,AVL
2191307,-1,298,ORD,PAH
2191334,5,136,ORD,FWA
2190853,-8,345,ORD,DLH
2192121,-4,312,ORD,CMX
2191311,-5,193,ORD,MBS
2190636,2,136,ORD,FWA
2191155,34,58,ORD,MKE
2190616,-6,193,ORD,MBS
2192100,10,298,ORD,PAH
2191737,26,193,ORD,MBS
2190629,-4,58,ORD,MKE
2192128,-3,151,ORD,SPI
2190950,-7,103,ORD,MKG
2191608,0,58,ORD,MKE
2192128,13,233,ORD,EAU
2191708,49,58,ORD,MKE
2191809,5,58,ORD,MKE
2191053,-4,58,ORD,MKE
2191705,-2,103,ORD,MKG
2191114,-5,151,ORD,SPI
2190921,-4,58,ORD,MKE
2191316,-3,233,ORD,EAU
2191703,-3,151,ORD,SPI
2190810,0,484,ORD,FAR
2190957,-3,939,ORD,MTJ
2190744,-6,170,ORD,CID
2191759,-3,792,ORD,COS
2190707,12,274,ORD,CLE
2192048,-4,792,ORD,COS
2191710,50,905,ORD,SAT
2191418,-1,73,ORD,SBN
2191635,13,194,ORD,TVC
2190822,-5,454,ORD,XNA
2190946,-6,509,ORD,TUL
2191637,28,154,ORD,IND
2191505,-6,139,ORD,ATW
2191439,169,154,ORD,IND
2191615,44,697,ORD,DFW
2191810,11,1086,ORD,SLC
2192005,12,1086,ORD,SLC
2192010,20,402,ORD,FSD
2191224,2,697,ORD,DFW
2190952,-4,230,ORD,CVG
2191124,-2,511,ORD,IAD
2191810,48,94,ORD,MSN
2192046,-2,361,ORD,OMA
2190910,26,602,ORD,OKC
2191712,2,361,ORD,OMA
2190634,-2,94,ORD,MSN
2201340,-4,1086,ORD,SLC
2200745,-4,1086,ORD,SLC
2201640,-1,1086,ORD,SLC
2201700,4,230,ORD,CVG
2201508,0,290,ORD,MSP
2200635,-1,230,ORD,CVG
2201834,28,1086,ORD,SLC
2200952,0,230,ORD,CVG
2201509,0,507,ORD,BHM
2201708,243,1249,ORD,BOI
2200707,6,274,ORD,CLE
2200807,394,880,ORD,ASE
2201707,0,880,ORD,ASE
2201156,-2,905,ORD,SAT
2201545,94,880,ORD,ASE
2201159,74,880,ORD,ASE
2201210,76,602,ORD,OKC
2201435,0,154,ORD,IND
2200952,-3,971,ORD,ABQ
2201320,49,661,ORD,CHS
2200820,-4,230,ORD,CVG
2201531,17,484,ORD,FAR
2200811,5,151,ORD,GRB
2200805,-3,281,ORD,LEX
2201248,8,405,ORD,LNK
2201155,0,381,ORD,SGF
2201456,70,224,ORD,STL
2202010,-1,509,ORD,TUL
2201833,0,230,ORD,CVG
2201103,-2,312,ORD,CMX
2201518,0,58,ORD,MKE
2200735,-2,58,ORD,MKE
2202100,98,58,ORD,MKE
2200815,-3,58,ORD,MKE
2201339,7,345,ORD,DLH
2202100,12,345,ORD,DLH
2201754,0,136,ORD,FWA
2201904,27,466,ORD,AVL
2201307,27,298,ORD,PAH
2201334,34,136,ORD,FWA
2200853,0,345,ORD,DLH
2202121,0,312,ORD,CMX
2201311,-1,193,ORD,MBS
2200636,7,136,ORD,FWA
2201155,-4,58,ORD,MKE
2200616,21,193,ORD,MBS
2202100,26,298,ORD,PAH
2201737,0,193,ORD,MBS
2200629,18,58,ORD,MKE
2202128,12,151,ORD,SPI
2200950,47,103,ORD,MKG
2201608,31,58,ORD,MKE
2202128,0,233,ORD,EAU
2201708,0,58,ORD,MKE
2201809,0,58,ORD,MKE
2201053,12,58,ORD,MKE
2201705,-1,103,ORD,MKG
2201114,7,151,ORD,SPI
2200921,0,58,ORD,MKE
2201316,0,233,ORD,EAU
2201703,0,151,ORD,SPI
2200810,23,484,ORD,FAR
2200957,0,939,ORD,MTJ
2201759,143,792,ORD,COS
2202048,0,792,ORD,COS
2201710,164,905,ORD,SAT
2201418,0,73,ORD,SBN
2201635,0,194,ORD,TVC
2200822,0,454,ORD,XNA
2200946,0,509,ORD,TUL
2201637,31,154,ORD,IND
2201505,0,139,ORD,ATW
2200624,0,290,ORD,MSP
2201615,26,697,ORD,DFW
2202005,0,1086,ORD,SLC
2202010,97,402,ORD,FSD
2201227,30,697,ORD,DFW
2200909,2,274,ORD,CLE
2201117,31,511,ORD,IAD
2201810,0,94,ORD,MSN
2201311,8,94,ORD,MSN
2202046,39,361,ORD,OMA
2201810,0,1086,ORD,SLC
2201712,0,361,ORD,OMA
2200634,22,94,ORD,MSN
2211340,4,1086,ORD,SLC
2210745,10,1086,ORD,SLC
2211640,-1,1086,ORD,SLC
2211700,-3,230,ORD,CVG
2211508,33,290,ORD,MSP
2210635,0,230,ORD,CVG
2211834,-2,1086,ORD,SLC
2211509,7,507,ORD,BHM
2211708,66,1249,ORD,BOI
2210707,-4,274,ORD,CLE
2210807,0,880,ORD,ASE
2212005,61,880,ORD,ASE
2211156,61,905,ORD,SAT
2210952,25,230,ORD,CVG
2211545,34,880,ORD,ASE
2211159,4,880,ORD,ASE
2210909,4,274,ORD,CLE
2211210,0,602,ORD,OKC
2211435,14,154,ORD,IND
2210952,37,971,ORD,ABQ
2211320,54,661,ORD,CHS
2210820,56,230,ORD,CVG
2211531,127,484,ORD,FAR
2210811,15,151,ORD,GRB
2210805,-2,281,ORD,LEX
2211248,0,405,ORD,LNK
2211155,-5,381,ORD,SGF
2211456,25,224,ORD,STL
2212010,-1,509,ORD,TUL
2211833,44,230,ORD,CVG
2211103,0,312,ORD,CMX
2211518,17,58,ORD,MKE
2210735,3,58,ORD,MKE
2212100,133,58,ORD,MKE
2210815,81,58,ORD,MKE
2211339,0,345,ORD,DLH
2212100,6,345,ORD,DLH
2211754,23,136,ORD,FWA
2211904,-1,466,ORD,AVL
2211307,11,298,ORD,PAH
2211334,81,136,ORD,FWA
2210853,15,345,ORD,DLH
2212121,0,312,ORD,CMX
2211311,-3,193,ORD,MBS
2210636,0,136,ORD,FWA
2211155,71,58,ORD,MKE
2210616,-7,193,ORD,MBS
2212100,19,298,ORD,PAH
2211737,6,193,ORD,MBS
2210629,22,58,ORD,MKE
2212128,24,151,ORD,SPI
2210950,0,103,ORD,MKG
2211608,0,58,ORD,MKE
2212128,0,233,ORD,EAU
2211708,33,58,ORD,MKE
2211809,15,58,ORD,MKE
2211053,183,58,ORD,MKE
2211705,-6,103,ORD,MKG
2211114,-4,151,ORD,SPI
2210921,39,58,ORD,MKE
2211316,-4,233,ORD,EAU
2211703,35,151,ORD,SPI
2210810,24,484,ORD,FAR
2210957,30,939,ORD,MTJ
2212048,-1,792,ORD,COS
2210945,13,880,ORD,ASE
2211710,18,905,ORD,SAT
2211418,5,73,ORD,SBN
2211635,8,194,ORD,TVC
2210822,13,454,ORD,XNA
2210946,6,509,ORD,TUL
2211637,4,154,ORD,IND
2211505,65,139,ORD,ATW
2210624,12,290,ORD,MSP
2211615,25,697,ORD,DFW
2212005,-2,1086,ORD,SLC
2212010,22,402,ORD,FSD
2211227,57,697,ORD,DFW
2211759,-2,792,ORD,COS
2211117,50,511,ORD,IAD
2211810,50,94,ORD,MSN
2211311,139,94,ORD,MSN
2212046,34,361,ORD,OMA
2211810,31,1086,ORD,SLC
2211712,165,361,ORD,OMA
2210634,31,94,ORD,MSN
2221340,0,1086,ORD,SLC
2220745,24,1086,ORD,SLC
2221305,-10,290,ORD,MSP
2221258,5,204,ORD,DTW
2220807,0,880,ORD,ASE
2221800,7,880,ORD,ASE
2221156,-5,905,ORD,SAT
2220811,38,151,ORD,GRB
2221212,282,939,ORD,MTJ
2221545,15,880,ORD,ASE
2220815,-4,511,ORD,ICT
2221159,38,880,ORD,ASE
2221418,2,73,ORD,SBN
2220805,-1,281,ORD,LEX
2221248,-3,405,ORD,LNK
2221155,-6,381,ORD,SGF
2220759,14,661,ORD,CHS
2221950,19,527,ORD,SYR
2221103,0,312,ORD,CMX
2221510,-1,58,ORD,MKE
2220735,-6,58,ORD,MKE
2220815,5,58,ORD,MKE
2221333,0,345,ORD,DLH
2221940,-2,345,ORD,DLH
2221600,-4,136,ORD,FWA
2221935,-5,466,ORD,AVL
2221307,-7,298,ORD,PAH
2220853,41,345,ORD,DLH
2221930,60,312,ORD,CMX
2221311,8,193,ORD,MBS
2220830,-1,136,ORD,FWA
2221155,42,58,ORD,MKE
2220815,-7,193,ORD,MBS
2221935,-10,298,ORD,PAH
2222000,15,151,ORD,SPI
2220950,19,103,ORD,MKG
2221608,-10,58,ORD,MKE
2221955,12,233,ORD,EAU
2221334,-7,58,ORD,MKE
2222015,-2,58,ORD,MKE
2221053,-5,58,ORD,MKE
2221610,-4,103,ORD,MKG
2221114,8,151,ORD,SPI
2220921,-3,58,ORD,MKE
2221316,29,233,ORD,EAU
2221600,-6,151,ORD,SPI
2221630,4,94,ORD,MSN
2221810,7,1074,ORD,ELP
2220947,20,402,ORD,FSD
2220810,-6,94,ORD,MSN
2221501,-1,139,ORD,ATW
2221810,13,509,ORD,TUL
2220950,3,880,ORD,ASE
2221535,-5,509,ORD,TUL
2221810,21,1086,ORD,SLC
2221815,50,402,ORD,FSD
2221930,-5,230,ORD,CVG
2221805,-3,792,ORD,COS
2220945,0,877,ORD,HDN
2221311,-7,94,ORD,MSN
2220945,-1,896,ORD,GUC
2221210,-9,792,ORD,COS
2231508,2,290,ORD,MSP
2231340,-4,1086,ORD,SLC
2230745,-4,1086,ORD,SLC
2231640,0,1086,ORD,SLC
2231103,5,290,ORD,MSP
2231240,9,230,ORD,CVG
2231930,-6,290,ORD,MSP
2231834,-5,1086,ORD,SLC
2230715,-3,532,ORD,DCA
2231708,0,1249,ORD,BOI
2232110,-7,427,ORD,MEM
2230807,-5,204,ORD,DTW
2230807,-3,880,ORD,ASE
2231707,44,880,ORD,ASE
2231156,-7,905,ORD,SAT
2230811,-4,151,ORD,GRB
2231210,25,939,ORD,MTJ
2231545,-3,880,ORD,ASE
2231543,7,511,ORD,ICT
2231205,0,880,ORD,ASE
2230946,-1,509,ORD,TUL
2231418,1,73,ORD,SBN
2231536,4,484,ORD,FAR
2230909,-8,274,ORD,CLE
2231427,45,154,ORD,IND
2231615,-5,697,ORD,DFW
2230952,6,971,ORD,ABQ
2231320,-8,661,ORD,CHS
2231248,-1,405,ORD,LNK
2230819,4,850,ORD,AUS
2231103,0,312,ORD,CMX
2231518,-1,58,ORD,MKE
2230735,5,58,ORD,MKE
2232100,52,58,ORD,MKE
2230815,-3,58,ORD,MKE
2231336,-2,345,ORD,DLH
2232100,-5,345,ORD,DLH
2231754,9,136,ORD,FWA
2231904,-5,466,ORD,AVL
2231307,3,298,ORD,PAH
2231334,-1,136,ORD,FWA
2230853,12,345,ORD,DLH
2232121,15,312,ORD,CMX
2231311,-3,193,ORD,MBS
2231155,-2,58,ORD,MKE
2230815,-8,193,ORD,MBS
2232100,-2,298,ORD,PAH
2231737,16,193,ORD,MBS
2230631,-1,58,ORD,MKE
2232131,-4,151,ORD,SPI
2230950,-2,103,ORD,MKG
2231608,18,58,ORD,MKE
2232128,84,233,ORD,EAU
2231708,2,58,ORD,MKE
2231809,3,58,ORD,MKE
2231053,-7,58,ORD,MKE
2231705,-1,103,ORD,MKG
2231114,-8,151,ORD,SPI
2230921,8,58,ORD,MKE
2231316,14,233,ORD,EAU
2231703,-2,151,ORD,SPI
2230957,152,939,ORD,MTJ
2231759,3,792,ORD,COS
2232052,0,792,ORD,COS
2231637,20,154,ORD,IND
2231635,-6,194,ORD,TVC
2231710,0,905,ORD,SAT
2230952,38,230,ORD,CVG
2230947,-6,402,ORD,FSD
2231505,7,139,ORD,ATW
2231311,1,94,ORD,MSN
2232005,37,1086,ORD,SLC
2231457,1,209,ORD,DAY
2232010,-1,509,ORD,TUL
2231231,-3,697,ORD,DFW
2230758,-2,94,ORD,MSN
2232100,-2,230,ORD,CVG
2231122,26,511,ORD,IAD
2231820,19,94,ORD,MSN
2231712,0,361,ORD,OMA
2231810,24,1086,ORD,SLC
2232046,50,361,ORD,OMA
2241340,-1,1086,ORD,SLC
2240750,0,1086,ORD,SLC
2241640,-2,1086,ORD,SLC
2241700,-8,230,ORD,CVG
2240635,-2,230,ORD,CVG
2240752,-2,290,ORD,MSP
2241834,-9,1086,ORD,SLC
2241509,21,507,ORD,BHM
2241708,-7,1249,ORD,BOI
2240707,-2,274,ORD,CLE
2240807,55,880,ORD,ASE
2242005,14,880,ORD,ASE
2241156,53,905,ORD,SAT
2240952,0,230,ORD,CVG
2241545,-3,880,ORD,ASE
2241159,-2,880,ORD,ASE
2240909,-2,274,ORD,CLE
2241210,-4,602,ORD,OKC
2241435,0,154,ORD,IND
2240952,-4,971,ORD,ABQ
2241320,6,661,ORD,CHS
2240820,-4,230,ORD,CVG
2241531,3,484,ORD,FAR
2240811,-3,151,ORD,GRB
2240805,-4,281,ORD,LEX
2241248,-1,405,ORD,LNK
2241155,10,381,ORD,SGF
2241456,12,224,ORD,STL
2242010,-1,509,ORD,TUL
2241833,5,230,ORD,CVG
2241103,18,312,ORD,CMX
2241518,86,58,ORD,MKE
2240735,3,58,ORD,MKE
2242100,-2,58,ORD,MKE
2240815,-3,58,ORD,MKE
2241339,1,345,ORD,DLH
2242100,5,345,ORD,DLH
2241754,-4,136,ORD,FWA
2241904,-5,466,ORD,AVL
2241307,2,298,ORD,PAH
2241334,-6,136,ORD,FWA
2240853,0,345,ORD,DLH
2242121,-5,312,ORD,CMX
2241311,33,193,ORD,MBS
2240636,15,136,ORD,FWA
2241155,-1,58,ORD,MKE
2240616,-2,193,ORD,MBS
2242100,1,298,ORD,PAH
2241737,17,193,ORD,MBS
2240629,-4,58,ORD,MKE
2242128,5,151,ORD,SPI
2240950,-9,103,ORD,MKG
2241608,9,58,ORD,MKE
2242128,-2,233,ORD,EAU
2241708,0,58,ORD,MKE
2241809,-3,58,ORD,MKE
2241053,-6,58,ORD,MKE
2241705,-4,103,ORD,MKG
2241114,13,151,ORD,SPI
2240921,-4,58,ORD,MKE
2241316,-1,233,ORD,EAU
2241703,-1,151,ORD,SPI
2240810,-7,484,ORD,FAR
2240957,0,939,ORD,MTJ
2242048,-4,792,ORD,COS
2240945,42,880,ORD,ASE
2241710,7,905,ORD,SAT
2241418,4,73,ORD,SBN
2241635,-4,194,ORD,TVC
2240822,-2,454,ORD,XNA
2240946,-6,509,ORD,TUL
2241637,31,154,ORD,IND
2240624,-3,290,ORD,MSP
2241505,-5,139,ORD,ATW
2241615,7,697,ORD,DFW
2242005,19,1086,ORD,SLC
2242010,7,402,ORD,FSD
2241227,46,697,ORD,DFW
2241759,61,792,ORD,COS
2241117,70,511,ORD,IAD
2241810,-3,94,ORD,MSN
2241311,26,94,ORD,MSN
2242046,-3,361,ORD,OMA
2241810,0,1086,ORD,SLC
2241712,3,361,ORD,OMA
2240634,21,94,ORD,MSN
2251340,-2,1086,ORD,SLC
2250745,35,1086,ORD,SLC
2251725,-2,1086,ORD,SLC
2251700,1,230,ORD,CVG
2251508,-2,290,ORD,MSP
2250635,-4,230,ORD,CVG
2252046,-3,361,ORD,OMA
2251005,14,532,ORD,DCA
2251509,3,507,ORD,BHM
2251545,-3,359,ORD,PIT
2250946,-2,509,ORD,TUL
2250807,-3,880,ORD,ASE
2251707,29,880,ORD,ASE
2251538,4,880,ORD,ASE
2252028,4,484,ORD,FAR
2251159,42,880,ORD,ASE
2250909,-5,274,ORD,CLE
2250952,99,971,ORD,ABQ
2250811,-3,151,ORD,GRB
2252010,21,402,ORD,FSD
2252012,52,405,ORD,LNK
2251205,-2,792,ORD,COS
2251323,-3,623,ORD,ORF
2251531,-4,484,ORD,FAR
2250749,-2,170,ORD,CID
2250805,12,281,ORD,LEX
2251248,-7,405,ORD,LNK
2251155,-5,381,ORD,SGF
2251207,24,602,ORD,OKC
2252010,0,509,ORD,TUL
2251320,3,661,ORD,CHS
2250638,-1,527,ORD,SYR
2251103,-6,312,ORD,CMX
2251505,-6,58,ORD,MKE
2250730,38,58,ORD,MKE
2252100,-2,58,ORD,MKE
2250815,0,58,ORD,MKE
2251340,25,345,ORD,DLH
2252100,5,345,ORD,DLH
2251754,11,136,ORD,FWA
2251904,-1,466,ORD,AVL
2251307,-11,298,ORD,PAH
2251334,-8,136,ORD,FWA
2250853,-4,345,ORD,DLH
2252121,15,312,ORD,CMX
2251311,100,193,ORD,MBS
2250636,11,136,ORD,FWA
2251155,-8,58,ORD,MKE
2250616,-3,193,ORD,MBS
2252100,-1,298,ORD,PAH
2251737,4,193,ORD,MBS
2250629,-2,58,ORD,MKE
2252128,-3,151,ORD,SPI
2250950,-4,103,ORD,MKG
2251608,-8,58,ORD,MKE
2252128,24,233,ORD,EAU
2251708,41,58,ORD,MKE
2251809,-5,58,ORD,MKE
2251053,-6,58,ORD,MKE
2251705,-4,103,ORD,MKG
2251114,-2,151,ORD,SPI
2250921,11,58,ORD,MKE
2251316,-9,233,ORD,EAU
2251703,-5,151,ORD,SPI
2250810,-5,484,ORD,FAR
2250957,-3,939,ORD,MTJ
2251554,-5,170,ORD,CID
2252005,10,623,ORD,ORF
2250707,-11,274,ORD,CLE
2252048,4,792,ORD,COS
2250820,0,230,ORD,CVG
2252015,-5,602,ORD,OKC
2251710,96,905,ORD,SAT
2251418,52,73,ORD,SBN
2251635,97,194,ORD,TVC
2251156,70,905,ORD,SAT
2250952,106,230,ORD,CVG
2251637,-5,154,ORD,IND
2251500,-2,139,ORD,ATW
2251810,0,1086,ORD,SLC
2252005,-1,1086,ORD,SLC
2251833,-2,230,ORD,CVG
2251227,-1,697,ORD,DFW
2252033,1,1074,ORD,ELP
2251905,24,792,ORD,COS
2251117,0,511,ORD,IAD
2251700,39,94,ORD,MSN
2251615,0,697,ORD,DFW
2252010,-3,260,ORD,DSM
2250634,7,94,ORD,MSN
2261340,11,1086,ORD,SLC
2260745,2,1086,ORD,SLC
2261640,-3,1086,ORD,SLC
2261700,-5,230,ORD,CVG
2261508,-1,290,ORD,MSP
2260635,-4,230,ORD,CVG
2261834,-11,1086,ORD,SLC
2261509,-5,507,ORD,BHM
2261708,31,1249,ORD,BOI
2260807,-1,880,ORD,ASE
2261707,-4,880,ORD,ASE
2261156,0,905,ORD,SAT
2260600,1,562,ORD,RDU
2261545,41,880,ORD,ASE
2261833,1,230,ORD,CVG
2261159,-2,880,ORD,ASE
2261210,-6,602,ORD,OKC
2260952,-3,971,ORD,ABQ
2262102,7,361,ORD,OMA
2261320,-3,661,ORD,CHS
2261531,160,484,ORD,FAR
2260811,-5,151,ORD,GRB
2260805,-5,281,ORD,LEX
2261248,9,405,ORD,LNK
2261155,-5,381,ORD,SGF
2262010,4,509,ORD,TUL
2261103,429,312,ORD,CMX
2261518,37,58,ORD,MKE
2260730,6,58,ORD,MKE
2262100,12,58,ORD,MKE
2260815,-2,58,ORD,MKE
2261339,-2,345,ORD,DLH
2262100,5,345,ORD,DLH
2261754,52,136,ORD,FWA
2261904,-1,466,ORD,AVL
2261307,-3,298,ORD,PAH
2261334,-6,136,ORD,FWA
2260853,0,345,ORD,DLH
2262121,-5,312,ORD,CMX
2261311,-6,193,ORD,MBS
2260636,-5,136,ORD,FWA
2261155,-4,58,ORD,MKE
2260616,-1,193,ORD,MBS
2262100,-10,298,ORD,PAH
2261737,2,193,ORD,MBS
2260629,-10,58,ORD,MKE
2262128,1,151,ORD,SPI
2260950,-7,103,ORD,MKG
2261608,0,58,ORD,MKE
2262128,26,233,ORD,EAU
2261708,4,58,ORD,MKE
2261809,37,58,ORD,MKE
2261053,-2,58,ORD,MKE
2261705,-4,103,ORD,MKG
2261114,-9,151,ORD,SPI
2260921,-4,58,ORD,MKE
2261316,-4,233,ORD,EAU
2261703,8,151,ORD,SPI
2260810,-8,484,ORD,FAR
2260957,8,939,ORD,MTJ
2261759,14,792,ORD,COS
2260946,14,509,ORD,TUL
2262048,4,792,ORD,COS
2261637,5,154,ORD,IND
2261418,0,73,ORD,SBN
2261635,11,194,ORD,TVC
2260822,22,454,ORD,XNA
2261710,7,905,ORD,SAT
2260952,-4,230,ORD,CVG
2261505,5,139,ORD,ATW
2261439,49,154,ORD,IND
2261615,8,697,ORD,DFW
2261810,-4,1086,ORD,SLC
2262005,6,1086,ORD,SLC
2260947,-4,402,ORD,FSD
2262010,12,402,ORD,FSD
2261227,-1,697,ORD,DFW
2260820,11,230,ORD,CVG
2261124,14,511,ORD,IAD
2261810,18,94,ORD,MSN
2261712,4,361,ORD,OMA
2260749,-2,170,ORD,CID
2260634,-4,94,ORD,MSN
2271340,-3,1086,ORD,SLC
2270745,11,1086,ORD,SLC
2271640,-5,1086,ORD,SLC
2271700,-1,230,ORD,CVG
2271508,224,290,ORD,MSP
2270635,0,230,ORD,CVG
2271834,-5,1086,ORD,SLC
2271509,-5,507,ORD,BHM
2271708,60,1249,ORD,BOI
2270707,93,274,ORD,CLE
2270807,116,880,ORD,ASE
2271707,0,880,ORD,ASE
2271156,-6,905,ORD,SAT
2270952,9,230,ORD,CVG
2271545,-1,880,ORD,ASE
2271159,0,880,ORD,ASE
2271210,9,602,ORD,OKC
2271435,16,154,ORD,IND
2270952,132,971,ORD,ABQ
2271320,46,661,ORD,CHS
2270820,-6,230,ORD,CVG
2271531,-2,484,ORD,FAR
2270811,4,151,ORD,GRB
2270805,-9,281,ORD,LEX
2271248,-4,405,ORD,LNK
2271155,-5,381,ORD,SGF
2271456,15,224,ORD,STL
2272010,-2,509,ORD,TUL
2271833,3,230,ORD,CVG
2271103,182,312,ORD,CMX
2271518,2,58,ORD,MKE
2270735,-4,58,ORD,MKE
2272100,118,58,ORD,MKE
2270815,-3,58,ORD,MKE
2271339,77,345,ORD,DLH
2272100,-1,345,ORD,DLH
2271754,6,136,ORD,FWA
2271904,34,466,ORD,AVL
2271307,-2,298,ORD,PAH
2271334,5,136,ORD,FWA
2270853,-4,345,ORD,DLH
2272121,4,312,ORD,CMX
2271311,0,193,ORD,MBS
2270636,2,136,ORD,FWA
2271155,11,58,ORD,MKE
2270616,-6,193,ORD,MBS
2272100,24,298,ORD,PAH
2271737,-2,193,ORD,MBS
2270629,1,58,ORD,MKE
2272128,-4,151,ORD,SPI
2270950,-6,103,ORD,MKG
2271608,-1,58,ORD,MKE
2272128,-6,233,ORD,EAU
2271708,7,58,ORD,MKE
2271809,-5,58,ORD,MKE
2271053,1,58,ORD,MKE
2271705,-7,103,ORD,MKG
2271114,-10,151,ORD,SPI
2270921,23,58,ORD,MKE
2271316,-10,233,ORD,EAU
2271703,38,151,ORD,SPI
2270810,-4,484,ORD,FAR
2270957,14,939,ORD,MTJ
2271759,59,792,ORD,COS
2272048,34,792,ORD,COS
2271710,100,905,ORD,SAT
2271418,4,73,ORD,SBN
2271635,-6,194,ORD,TVC
2270822,10,454,ORD,XNA
2270946,10,509,ORD,TUL
2271637,14,154,ORD,IND
2271505,-3,139,ORD,ATW
2270624,-3,290,ORD,MSP
2271615,-3,697,ORD,DFW
2272005,-1,1086,ORD,SLC
2272010,-1,402,ORD,FSD
2271227,60,697,ORD,DFW
2270909,29,274,ORD,CLE
2271117,-3,511,ORD,IAD
2271810,15,94,ORD,MSN
2271311,2,94,ORD,MSN
2272046,28,361,ORD,OMA
2271810,12,1086,ORD,SLC
2271712,8,361,ORD,OMA
2270634,-2,94,ORD,MSN
2281340,-1,1086,ORD,SLC
2280745,-3,1086,ORD,SLC
2281640,-2,1086,ORD,SLC
2281700,1,230,ORD,CVG
2281508,67,290,ORD,MSP
2280635,-5,230,ORD,CVG
2281834,2,1086,ORD,SLC
2281509,98,507,ORD,BHM
2281708,0,1249,ORD,BOI
2280707,-3,274,ORD,CLE
2280807,34,880,ORD,ASE
2282005,36,880,ORD,ASE
2281156,7,905,ORD,SAT
2280952,33,230,ORD,CVG
2281545,46,880,ORD,ASE
2281159,-6,880,ORD,ASE
2280909,26,274,ORD,CLE
2281210,-4,602,ORD,OKC
2281435,51,154,ORD,IND
2280952,2,971,ORD,ABQ
2281320,13,661,ORD,CHS
2280820,-5,230,ORD,CVG
2281531,34,484,ORD,FAR
2280811,93,151,ORD,GRB
2280805,-1,281,ORD,LEX
2281248,36,405,ORD,LNK
2281155,-5,381,ORD,SGF
2281456,10,224,ORD,STL
2282010,-3,509,ORD,TUL
2281833,-1,230,ORD,CVG
2281103,-5,312,ORD,CMX
2281518,9,58,ORD,MKE
2280735,-3,58,ORD,MKE
2282100,39,58,ORD,MKE
2280815,5,58,ORD,MKE
2281339,61,345,ORD,DLH
2282100,0,345,ORD,DLH
2281754,19,136,ORD,FWA
2281904,8,466,ORD,AVL
2281307,-7,298,ORD,PAH
2281334,-2,136,ORD,FWA
2280853,-6,345,ORD,DLH
2282121,-4,312,ORD,CMX
2281311,36,193,ORD,MBS
2280636,0,136,ORD,FWA
2281155,-4,58,ORD,MKE
2280616,9,193,ORD,MBS
2282100,120,298,ORD,PAH
2281737,-1,193,ORD,MBS
2280629,-5,58,ORD,MKE
2282128,-1,151,ORD,SPI
2280950,4,103,ORD,MKG
2281608,5,58,ORD,MKE
2282128,2,233,ORD,EAU
2281708,78,58,ORD,MKE
2281809,44,58,ORD,MKE
2281053,-5,58,ORD,MKE
2281705,5,103,ORD,MKG
2281114,83,151,ORD,SPI
2280921,4,58,ORD,MKE
2281316,-5,233,ORD,EAU
2281703,0,151,ORD,SPI
2280810,-8,484,ORD,FAR
2280957,-2,939,ORD,MTJ
2282048,59,792,ORD,COS
2280945,13,880,ORD,ASE
2281710,-3,905,ORD,SAT
2281418,92,73,ORD,SBN
2281635,-1,194,ORD,TVC
2280822,35,454,ORD,XNA
2280946,2,509,ORD,TUL
2281637,43,154,ORD,IND
2281505,19,139,ORD,ATW
2280624,0,290,ORD,MSP
2281615,22,697,ORD,DFW
2282005,6,1086,ORD,SLC
2282010,24,402,ORD,FSD
2281227,-5,697,ORD,DFW
2281759,4,792,ORD,COS
2281117,85,511,ORD,IAD
2281810,91,94,ORD,MSN
2281311,19,94,ORD,MSN
2282046,47,361,ORD,OMA
2281810,1,1086,ORD,SLC
2281712,24,361,ORD,OMA
2280634,-5,94,ORD,MSN
2011945,61,589,ORD,PHL
2010800,-4,1516,ORD,LAX
2010845,32,873,ORD,MCO
2011015,5,3687,ORD,HNL
2011945,0,681,ORD,BDL
2011615,17,1040,ORD,MIA
2010750,0,804,ORD,IAH
2011100,-1,804,ORD,IAH
2011950,21,411,ORD,BUF
2011310,-3,411,ORD,BUF
2011315,33,1516,ORD,LAX
2011435,39,873,ORD,MCO
2011615,6,974,ORD,RSW
2011930,9,873,ORD,MCO
2011019,12,1604,ORD,SFO
2010830,21,637,ORD,LGA
2010919,0,274,ORD,CLE
2011330,1,532,ORD,DCA
2010945,0,1499,ORD,SNA
2011200,0,1548,ORD,SMF
2010849,28,1511,ORD,PDX
2011805,47,260,ORD,DSM
2011335,30,290,ORD,MSP
2011641,29,1604,ORD,SFO
2011800,13,1511,ORD,PDX
2011615,2,753,ORD,BOS
2010600,-4,274,ORD,CLE
2011805,8,290,ORD,MSP
2010950,32,1010,ORD,JAC
2011531,1,804,ORD,IAH
2010651,-1,1604,ORD,SFO
2011930,11,1604,ORD,SFO
2010927,0,879,ORD,TPA
2011200,29,1495,ORD,SEA
2011945,2,359,ORD,PIT
2011045,-1,625,ORD,EWR
2011302,8,625,ORD,EWR
2011335,1,589,ORD,PHL
2010810,47,772,ORD,DEN
2011815,3,511,ORD,IAD
2011330,-6,637,ORD,LGA
2011818,3,1251,ORD,PHX
2011810,53,1316,ORD,LAS
2010955,14,1251,ORD,PHX
2011945,120,540,ORD,BWI
2011333,0,540,ORD,BWI
2011203,17,772,ORD,DEN
2011040,8,873,ORD,MCO
2011552,-1,1516,ORD,LAX
2010929,4,912,ORD,SRQ
2011155,21,1516,ORD,LAX
2010950,0,1316,ORD,LAS
2011545,6,772,ORD,DEN
2011957,8,562,ORD,RDU
2011600,3,873,ORD,MCO
2010945,23,804,ORD,IAH
2011600,0,625,ORD,EWR
2011330,0,753,ORD,BOS
2011320,22,1027,ORD,FLL
2011810,53,1495,ORD,SEA
2011832,34,1516,ORD,LAX
2011320,23,511,ORD,IAD
2012005,72,459,ORD,ROC
2011000,11,1497,ORD,SAN
2011000,27,772,ORD,DEN
2011210,24,1316,ORD,LAS
2011310,17,1604,ORD,SFO
2011203,6,804,ORD,IAH
2011054,12,879,ORD,TPA
2012005,59,119,ORD,GRR
2011717,54,804,ORD,IAH
2010950,10,1516,ORD,LAX
2011945,7,532,ORD,DCA
2011202,24,1604,ORD,SFO
2011930,153,527,ORD,ATL
2010949,63,753,ORD,BOS
2010934,16,1604,ORD,SFO
2011800,34,772,ORD,DEN
2011759,8,1497,ORD,SAN
2011507,21,772,ORD,DEN
2011525,4,1604,ORD,SFO
2010520,612,804,ORD,IAH
2011420,114,804,ORD,IAH
2010636,1,804,ORD,IAH
2010845,25,1838,ORD,STT
2011818,13,1604,ORD,SFO
2011621,0,511,ORD,IAD
2012013,34,361,ORD,OMA
2012005,27,290,ORD,MSP
2011500,-3,625,ORD,EWR
2011950,21,753,ORD,BOS
2012005,30,204,ORD,DTW
2010933,10,1027,ORD,FLL
2010730,0,625,ORD,EWR
2011605,89,637,ORD,LGA
2010828,56,1800,ORD,SJU
2011935,5,804,ORD,IAH
2012005,3,257,ORD,CMH
2011930,70,625,ORD,EWR
2010900,0,772,ORD,DEN
2011945,8,637,ORD,LGA
2021759,5,1497,ORD,SAN
2020845,28,873,ORD,MCO
2021015,-2,3687,ORD,HNL
2020900,3,772,ORD,DEN
2021950,-1,411,ORD,BUF
2021641,16,1604,ORD,SFO
2021507,60,1316,ORD,LAS
2021940,0,516,ORD,MDT
2021435,-1,873,ORD,MCO
2021930,1,974,ORD,RSW
2021845,7,873,ORD,MCO
2021932,-1,257,ORD,CMH
2021941,3,540,ORD,BWI
2020945,13,1499,ORD,SNA
2021154,6,1251,ORD,PHX
2022040,-7,562,ORD,RDU
2021310,10,411,ORD,BUF
2021329,-2,290,ORD,MSP
2021310,-5,1040,ORD,MIA
2021347,-5,540,ORD,BWI
2021930,0,753,ORD,BOS
2021654,-3,753,ORD,BOS
2020815,-3,753,ORD,BOS
2021815,11,1316,ORD,LAS
2020900,-1,1027,ORD,FLL
2021055,-1,753,ORD,BOS
2021350,0,290,ORD,MSP
2020849,-4,1511,ORD,PDX
2021100,2,804,ORD,IAH
2021953,5,290,ORD,MSP
2020954,12,1010,ORD,JAC
2020651,-5,1604,ORD,SFO
2021625,16,1499,ORD,SNA
2021504,-3,532,ORD,DCA
2020955,-1,1604,ORD,SFO
2021810,71,1511,ORD,PDX
2020927,7,879,ORD,TPA
2021940,3,359,ORD,PIT
2021045,1,625,ORD,EWR
2021259,12,625,ORD,EWR
2021335,-3,589,ORD,PHL
2021531,1,804,ORD,IAH
2021210,1,697,ORD,DFW
2020900,0,637,ORD,LGA
2021819,2,511,ORD,IAD
2021529,0,1604,ORD,SFO
2021300,17,637,ORD,LGA
2021859,2,1604,ORD,SFO
2021600,-2,753,ORD,BOS
2021603,-4,637,ORD,LGA
2021940,23,637,ORD,LGA
2021930,3,1604,ORD,SFO
2021210,-4,1511,ORD,PDX
2021350,-5,562,ORD,RDU
2021558,24,1516,ORD,LAX
2021155,-1,1516,ORD,LAX
2020945,3,1316,ORD,LAS
2021511,-2,772,ORD,DEN
2020945,6,804,ORD,IAH
2021036,1,873,ORD,MCO
2021210,2,1497,ORD,SAN
2021550,9,1495,ORD,SEA
2021315,-4,1027,ORD,FLL
2021730,2,527,ORD,ATL
2021810,9,1495,ORD,SEA
2021712,38,1516,ORD,LAX
2021320,2,511,ORD,IAD
2021934,2,459,ORD,ROC
2021311,-5,681,ORD,BDL
2022104,-5,804,ORD,IAH
2021000,39,772,ORD,DEN
2021202,7,1604,ORD,SFO
2021942,5,204,ORD,DTW
2021203,6,804,ORD,IAH
2021000,0,1497,ORD,SAN
2021700,-3,637,ORD,LGA
2021720,11,804,ORD,IAH
2020821,30,1604,ORD,SFO
2020929,2,912,ORD,SRQ
2020947,26,1516,ORD,LAX
2021805,-2,260,ORD,DSM
2021310,29,1604,ORD,SFO
2021832,7,1516,ORD,LAX
2021818,-1,361,ORD,OMA
2020800,1,1516,ORD,LAX
2021939,-1,772,ORD,DEN
2021720,11,1604,ORD,SFO
2021349,3,879,ORD,TPA
2021545,1,772,ORD,DEN
2020900,14,1604,ORD,SFO
2020520,3,804,ORD,IAH
2021305,-7,532,ORD,DCA
2021940,43,589,ORD,PHL
2021203,3,772,ORD,DEN
2020955,5,1251,ORD,PHX
2020744,1,804,ORD,IAH
2021209,-3,1316,ORD,LAS
2020845,-5,1838,ORD,STT
2021805,1,625,ORD,EWR
2021420,18,804,ORD,IAH
2021715,16,1548,ORD,SMF
2020824,12,772,ORD,DEN
2021621,-3,511,ORD,IAD
2021054,3,1604,ORD,SFO
2021934,7,558,ORD,RIC
2022105,-3,625,ORD,EWR
2021315,-6,753,ORD,BOS
2021500,0,625,ORD,EWR
2021600,1,625,ORD,EWR
2021850,3,804,ORD,IAH
2021025,0,511,ORD,IAD
2021100,-4,637,ORD,LGA
2020820,-6,274,ORD,CLE
2022000,35,119,ORD,GRR
2020828,-3,1800,ORD,SJU
2022003,-2,804,ORD,IAH
2021745,19,772,ORD,DEN
2030845,22,873,ORD,MCO
2031650,0,804,ORD,IAH
2031015,-2,3687,ORD,HNL
2031154,-3,1251,ORD,PHX
2031950,26,411,ORD,BUF
2031945,19,1040,ORD,MIA
2031425,256,879,ORD,TPA
2031550,56,1495,ORD,SEA
2031507,35,1316,ORD,LAS
2031811,17,516,ORD,MDT
2031435,48,873,ORD,MCO
2031820,13,873,ORD,MCO
2031905,-4,257,ORD,CMH
2031404,11,532,ORD,DCA
2030818,21,1499,ORD,SNA
2031310,39,411,ORD,BUF
2030710,-2,589,ORD,PHL
2030848,-4,511,ORD,IAD
2030800,0,637,ORD,LGA
2032010,0,1516,ORD,LAX
2030657,-1,1516,ORD,LAX
2031552,7,1516,ORD,LAX
2031700,0,772,ORD,DEN
2032124,46,290,ORD,MSP
2031755,1,1316,ORD,LAS
2031335,-3,290,ORD,MSP
2031320,7,1027,ORD,FLL
2031311,-5,521,ORD,CLT
2031855,29,753,ORD,BOS
2030945,-1,625,ORD,EWR
2030933,97,1027,ORD,FLL
2032018,-3,1604,ORD,SFO
2032105,0,625,ORD,EWR
2031429,8,290,ORD,MSP
2030849,-2,1511,ORD,PDX
2031100,5,804,ORD,IAH
2031915,37,290,ORD,MSP
2030950,1,1010,ORD,JAC
2031210,-7,1511,ORD,PDX
2030651,-4,1604,ORD,SFO
2031623,9,1499,ORD,SNA
2031853,5,1604,ORD,SFO
2032030,14,1511,ORD,PDX
2030927,0,879,ORD,TPA
2030530,60,625,ORD,EWR
2030828,-3,1495,ORD,SEA
2031905,1,359,ORD,PIT
2030856,0,625,ORD,EWR
2031302,0,625,ORD,EWR
2031708,43,350,ORD,MCI
2031320,117,628,ORD,ALB
2031335,171,589,ORD,PHL
2031759,1,1499,ORD,SNA
2030600,-3,637,ORD,LGA
2030700,89,637,ORD,LGA
2031210,-4,697,ORD,DFW
2030900,0,637,ORD,LGA
2031641,13,1604,ORD,SFO
2031300,0,637,ORD,LGA
2031400,0,637,ORD,LGA
2031100,0,637,ORD,LGA
2031600,4,637,ORD,LGA
2031800,21,637,ORD,LGA
2031531,90,804,ORD,IAH
2031739,-2,1251,ORD,PHX
2031941,-3,540,ORD,BWI
2031935,6,1604,ORD,SFO
2031809,5,562,ORD,RDU
2031015,-3,1604,ORD,SFO
2031058,9,1604,ORD,SFO
2031203,69,772,ORD,DEN
2031059,-1,511,ORD,IAD
2031759,36,1495,ORD,SEA
2031155,58,1516,ORD,LAX
2030950,-2,1316,ORD,LAS
2031507,37,772,ORD,DEN
2031400,43,562,ORD,RDU
2030945,386,804,ORD,IAH
2031804,-3,532,ORD,DCA
2032105,-3,753,ORD,BOS
2031832,33,1516,ORD,LAX
2030840,29,772,ORD,DEN
2030800,-5,1516,ORD,LAX
2031507,1,350,ORD,MCI
2030707,12,772,ORD,DEN
2031320,28,511,ORD,IAD
2030824,18,772,ORD,DEN
2030640,-3,290,ORD,MSP
2031850,29,459,ORD,ROC
2031500,57,637,ORD,LGA
2031210,-6,1497,ORD,SAN
2031000,21,1497,ORD,SAN
2031832,92,527,ORD,ATL
2032104,1,804,ORD,IAH
2031210,178,1316,ORD,LAS
2031936,14,204,ORD,DTW
2031203,3,804,ORD,IAH
2031500,127,625,ORD,EWR
2031815,-1,681,ORD,BDL
2031708,13,1516,ORD,LAX
2032029,-2,772,ORD,DEN
2031627,18,804,ORD,IAH
2030815,1,1604,ORD,SFO
2031611,9,532,ORD,DCA
2030947,0,1516,ORD,LAX
2030945,13,753,ORD,BOS
2032051,4,361,ORD,OMA
2031920,25,589,ORD,PHL
2030858,6,1516,ORD,LAX
2031938,101,772,ORD,DEN
2031202,15,1604,ORD,SFO
2031730,0,1604,ORD,SFO
2031310,-2,1604,ORD,SFO
2031000,-2,772,ORD,DEN
2031200,0,727,ORD,MSY
2032015,4,260,ORD,DSM
2031542,5,772,ORD,DEN
2030933,-2,1604,ORD,SFO
2031600,52,625,ORD,EWR
2030636,7,804,ORD,IAH
2030602,0,625,ORD,EWR
2031320,-4,753,ORD,BOS
2031759,16,1497,ORD,SAN
2030604,-5,532,ORD,DCA
2031654,0,753,ORD,BOS
2031805,5,625,ORD,EWR
2030955,-2,1251,ORD,PHX
2030520,6,804,ORD,IAH
2031036,55,873,ORD,MCO
2030750,2,804,ORD,IAH
2031333,8,540,ORD,BWI
2030820,12,274,ORD,CLE
2031420,5,804,ORD,IAH
2031819,10,511,ORD,IAD
2031621,12,511,ORD,IAD
2031525,5,1604,ORD,SFO
2031810,9,558,ORD,RIC
2031759,-3,1548,ORD,SMF
2031045,100,625,ORD,EWR
2031402,177,625,ORD,EWR
2031946,12,974,ORD,RSW
2031850,-2,804,ORD,IAH
2031304,14,532,ORD,DCA
2030803,1,625,ORD,EWR
2031900,-4,119,ORD,GRR
2030637,-4,753,ORD,BOS
2030828,-1,1800,ORD,SJU
2031310,-2,681,ORD,BDL
2032000,39,804,ORD,IAH
2031905,0,625,ORD,EWR
2030929,0,912,ORD,SRQ
2040850,-6,290,ORD,MSP
2040845,-8,873,ORD,MCO
2041717,181,804,ORD,IAH
2041015,2,3687,ORD,HNL
2041154,19,1251,ORD,PHX
2041950,18,411,ORD,BUF
2041945,5,1040,ORD,MIA
2040520,2,804,ORD,IAH
2041550,-2,1495,ORD,SEA
2041507,18,1316,ORD,LAS
2041811,21,516,ORD,MDT
2041435,-1,873,ORD,MCO
2041820,10,873,ORD,MCO
2041905,-1,257,ORD,CMH
2041404,-8,532,ORD,DCA
2040818,-9,1499,ORD,SNA
2041310,-1,411,ORD,BUF
2040710,41,589,ORD,PHL
2041035,9,1516,ORD,LAX
2040848,-2,511,ORD,IAD
2042010,23,1516,ORD,LAX
2041302,-1,625,ORD,EWR
2042124,6,290,ORD,MSP
2041755,147,1316,ORD,LAS
2041335,39,290,ORD,MSP
2041311,10,521,ORD,CLT
2041832,1,753,ORD,BOS
2041210,0,1511,ORD,PDX
2041654,14,753,ORD,BOS
2042018,4,1604,ORD,SFO
2041429,-2,290,ORD,MSP
2040849,-3,1511,ORD,PDX
2040933,0,1027,ORD,FLL
2041915,123,290,ORD,MSP
2040950,18,1010,ORD,JAC
2041853,8,1604,ORD,SFO
2042030,26,1511,ORD,PDX
2040927,113,879,ORD,TPA
2040828,17,1495,ORD,SEA
2040700,-4,359,ORD,PIT
2040856,0,625,ORD,EWR
2041708,12,350,ORD,MCI
2041946,0,974,ORD,RSW
2041320,127,628,ORD,ALB
2041335,1,589,ORD,PHL
2041759,17,1499,ORD,SNA
2040600,-6,637,ORD,LGA
2041210,-5,697,ORD,DFW
2040900,1,637,ORD,LGA
2041638,7,1604,ORD,SFO
2041300,1,637,ORD,LGA
2041400,-7,637,ORD,LGA
2041100,-3,637,ORD,LGA
2041600,-1,637,ORD,LGA
2041912,0,637,ORD,LGA
2041800,0,637,ORD,LGA
2041739,-7,1251,ORD,PHX
2040707,-2,772,ORD,DEN
2041531,-2,804,ORD,IAH
2041941,40,540,ORD,BWI
2041015,-3,1604,ORD,SFO
2041809,41,562,ORD,RDU
2041343,-5,879,ORD,TPA
2041058,-2,1604,ORD,SFO
2041905,35,359,ORD,PIT
2041203,-3,772,ORD,DEN
2041059,10,511,ORD,IAD
2041552,41,1516,ORD,LAX
2041759,3,1495,ORD,SEA
2041155,-3,1516,ORD,LAX
2040950,1,1316,ORD,LAS
2041507,26,772,ORD,DEN
2040945,10,804,ORD,IAH
2041036,13,873,ORD,MCO
2042105,30,753,ORD,BOS
2041832,24,1516,ORD,LAX
2040900,0,772,ORD,DEN
2041507,0,350,ORD,MCI
2041542,33,772,ORD,DEN
2041711,63,1516,ORD,LAX
2041700,12,772,ORD,DEN
2041320,2,511,ORD,IAD
2041000,0,772,ORD,DEN
2041304,-3,532,ORD,DCA
2041850,11,459,ORD,ROC
2041617,-3,1499,ORD,SNA
2041000,-3,1497,ORD,SAN
2041832,30,527,ORD,ATL
2041500,4,625,ORD,EWR
2041400,18,562,ORD,RDU
2041948,10,204,ORD,DTW
2041504,1,532,ORD,DCA
2041203,-4,804,ORD,IAH
2041819,0,511,ORD,IAD
2041920,0,589,ORD,PHL
2041815,15,681,ORD,BDL
2042029,6,772,ORD,DEN
2040815,42,1604,ORD,SFO
2040947,57,1516,ORD,LAX
2041804,0,532,ORD,DCA
2040858,5,1516,ORD,LAX
2040945,4,753,ORD,BOS
2042051,12,361,ORD,OMA
2041611,0,532,ORD,DCA
2040820,-3,274,ORD,CLE
2041310,-6,681,ORD,BDL
2041938,12,772,ORD,DEN
2041202,-1,1604,ORD,SFO
2041730,110,1604,ORD,SFO
2041210,11,1497,ORD,SAN
2041200,23,727,ORD,MSY
2042015,9,260,ORD,DSM
2040651,-3,1604,ORD,SFO
2041420,37,804,ORD,IAH
2041600,17,625,ORD,EWR
2040636,-5,804,ORD,IAH
2040603,-2,625,ORD,EWR
2041320,-2,753,ORD,BOS
2041759,41,1497,ORD,SAN
2041805,50,625,ORD,EWR
2040800,2,1516,ORD,LAX
2040955,0,1251,ORD,PHX
2041810,10,558,ORD,RIC
2040750,0,804,ORD,IAH
2040933,-4,1604,ORD,SFO
2040637,-4,753,ORD,BOS
2041333,-4,540,ORD,BWI
2042105,7,625,ORD,EWR
2041621,13,511,ORD,IAD
2041525,4,1604,ORD,SFO
2041759,4,1548,ORD,SMF
2041045,-3,625,ORD,EWR
2041402,-1,625,ORD,EWR
2041850,29,804,ORD,IAH
2041210,14,1316,ORD,LAS
2040803,-5,625,ORD,EWR
2041900,0,119,ORD,GRR
2040828,-5,1800,ORD,SJU
2042010,2,804,ORD,IAH
2041905,0,625,ORD,EWR
2040929,-5,912,ORD,SRQ
2040824,5,772,ORD,DEN
2050850,-2,290,ORD,MSP
2050845,13,873,ORD,MCO
2051531,47,804,ORD,IAH
2051015,0,3687,ORD,HNL
2050933,21,1027,ORD,FLL
2051210,40,1511,ORD,PDX
2051950,68,411,ORD,BUF
2051945,33,1040,ORD,MIA
2051550,40,1495,ORD,SEA
2051507,13,1316,ORD,LAS
2051811,89,516,ORD,MDT
2051820,25,873,ORD,MCO
2051905,1,257,ORD,CMH
2051404,69,532,ORD,DCA
2050818,4,1499,ORD,SNA
2051310,118,411,ORD,BUF
2050710,0,589,ORD,PHL
2051035,83,1516,ORD,LAX
2050848,19,511,ORD,IAD
2052124,0,290,ORD,MSP
2050750,-9,804,ORD,IAH
2051552,52,1516,ORD,LAX
2051755,155,1316,ORD,LAS
2051335,4,290,ORD,MSP
2051320,92,1027,ORD,FLL
2051311,8,521,ORD,CLT
2051832,0,753,ORD,BOS
2051941,6,540,ORD,BWI
2052018,65,1604,ORD,SFO
2052105,23,625,ORD,EWR
2051429,39,290,ORD,MSP
2050849,2,1511,ORD,PDX
2051915,73,290,ORD,MSP
2050950,78,1010,ORD,JAC
2051100,70,804,ORD,IAH
2051058,42,1604,ORD,SFO
2050700,-2,1604,ORD,SFO
2051623,8,1499,ORD,SNA
2051509,0,532,ORD,DCA
2051853,42,1604,ORD,SFO
2052030,0,1511,ORD,PDX
2050927,76,879,ORD,TPA
2050828,34,1495,ORD,SEA
2050700,-6,359,ORD,PIT
2050850,0,625,ORD,EWR
2051302,23,625,ORD,EWR
2051708,24,350,ORD,MCI
2051320,0,628,ORD,ALB
2051335,60,589,ORD,PHL
2051759,29,1499,ORD,SNA
2050600,0,637,ORD,LGA
2051210,229,697,ORD,DFW
2050900,35,637,ORD,LGA
2051640,2,1604,ORD,SFO
2051300,30,637,ORD,LGA
2051400,42,637,ORD,LGA
2051100,0,637,ORD,LGA
2051600,46,637,ORD,LGA
2051800,41,637,ORD,LGA
2051739,77,1251,ORD,PHX
2051809,26,562,ORD,RDU
2051202,101,1604,ORD,SFO
2051343,175,879,ORD,TPA
2051015,226,1604,ORD,SFO
2051905,-2,359,ORD,PIT
2051059,9,511,ORD,IAD
2051759,5,1495,ORD,SEA
2051155,8,1516,ORD,LAX
2050945,171,625,ORD,EWR
2050950,69,1316,ORD,LAS
2051507,70,772,ORD,DEN
2050945,8,804,ORD,IAH
2052105,0,753,ORD,BOS
2051832,15,1516,ORD,LAX
2050900,96,772,ORD,DEN
2051815,-1,681,ORD,BDL
2050800,0,1516,ORD,LAX
2051507,67,350,ORD,MCI
2051700,29,772,ORD,DEN
2051320,67,511,ORD,IAD
2050824,4,772,ORD,DEN
2051304,0,532,ORD,DCA
2051850,99,459,ORD,ROC
2051333,213,540,ORD,BWI
2051000,159,1497,ORD,SAN
2051400,15,562,ORD,RDU
2051936,10,204,ORD,DTW
2051203,29,804,ORD,IAH
2051819,35,511,ORD,IAD
2051611,48,532,ORD,DCA
2052010,33,1516,ORD,LAX
2051210,41,1316,ORD,LAS
2051708,61,1516,ORD,LAX
2052029,7,772,ORD,DEN
2051717,9,804,ORD,IAH
2050820,7,1604,ORD,SFO
2051804,6,532,ORD,DCA
2050947,25,1516,ORD,LAX
2050945,0,753,ORD,BOS
2052051,1,361,ORD,OMA
2050820,7,274,ORD,CLE
2051431,29,873,ORD,MCO
2050858,0,1516,ORD,LAX
2051938,114,772,ORD,DEN
2051730,14,1604,ORD,SFO
2051210,87,1497,ORD,SAN
2051920,61,589,ORD,PHL
2051200,116,727,ORD,MSY
2052015,14,260,ORD,DSM
2051542,117,772,ORD,DEN
2050933,97,1604,ORD,SFO
2051600,8,625,ORD,EWR
2051420,50,804,ORD,IAH
2050603,0,625,ORD,EWR
2050955,65,1251,ORD,PHX
2051320,0,753,ORD,BOS
2051759,43,1497,ORD,SAN
2051654,43,753,ORD,BOS
2051805,102,625,ORD,EWR
2051154,7,1251,ORD,PHX
2050520,31,804,ORD,IAH
2051036,86,873,ORD,MCO
2051500,76,625,ORD,EWR
2050636,-4,804,ORD,IAH
2051835,152,527,ORD,ATL
2051621,27,511,ORD,IAD
2051525,37,1604,ORD,SFO
2051810,-3,558,ORD,RIC
2051759,16,1548,ORD,SMF
2051045,10,625,ORD,EWR
2051402,209,625,ORD,EWR
2050637,0,753,ORD,BOS
2051946,3,974,ORD,RSW
2051850,0,804,ORD,IAH
2050707,14,772,ORD,DEN
2051203,176,772,ORD,DEN
2050803,0,625,ORD,EWR
2051900,114,119,ORD,GRR
2050828,35,1800,ORD,SJU
2051310,94,681,ORD,BDL
2052010,40,804,ORD,IAH
2051905,189,625,ORD,EWR
2050929,9,912,ORD,SRQ
2051000,42,772,ORD,DEN
2060850,37,290,ORD,MSP
2060845,25,873,ORD,MCO
2061650,1,804,ORD,IAH
2061015,21,3687,ORD,HNL
2061154,64,1251,ORD,PHX
2061950,83,411,ORD,BUF
2061945,6,1040,ORD,MIA
2061015,43,1604,ORD,SFO
2061550,202,1495,ORD,SEA
2061507,-1,1316,ORD,LAS
2061811,2,516,ORD,MDT
2061435,7,873,ORD,MCO
2061820,4,873,ORD,MCO
2061905,8,257,ORD,CMH
2061404,0,532,ORD,DCA
2060818,2,1499,ORD,SNA
2060710,-5,589,ORD,PHL
2061035,6,1516,ORD,LAX
2060848,-4,511,ORD,IAD
2062010,25,1516,ORD,LAX
2060657,-1,1516,ORD,LAX
2061552,8,1516,ORD,LAX
2061310,2,411,ORD,BUF
2061700,24,772,ORD,DEN
2062119,0,290,ORD,MSP
2061755,-2,1316,ORD,LAS
2061335,-4,290,ORD,MSP
2061320,49,1027,ORD,FLL
2061311,-5,521,ORD,CLT
2061832,6,753,ORD,BOS
2060933,28,1027,ORD,FLL
2060811,128,274,ORD,CLE
2062018,2,1604,ORD,SFO
2062105,76,625,ORD,EWR
2061429,18,290,ORD,MSP
2060849,-3,1511,ORD,PDX
2061100,5,804,ORD,IAH
2061915,56,290,ORD,MSP
2060950,34,1010,ORD,JAC
2061531,2,804,ORD,IAH
2060651,0,1604,ORD,SFO
2061623,12,1499,ORD,SNA
2061853,50,1604,ORD,SFO
2062030,5,1511,ORD,PDX
2060927,14,879,ORD,TPA
2060828,6,1495,ORD,SEA
2060700,-8,359,ORD,PIT
2060856,0,625,ORD,EWR
2061302,27,625,ORD,EWR
2061708,171,350,ORD,MCI
2061320,-4,628,ORD,ALB
2061335,-7,589,ORD,PHL
2061759,47,1499,ORD,SNA
2060600,-5,637,ORD,LGA
2061210,-2,697,ORD,DFW
2060900,59,637,ORD,LGA
2061641,6,1604,ORD,SFO
2061300,132,637,ORD,LGA
2061400,59,637,ORD,LGA
2061100,-5,637,ORD,LGA
2061600,43,637,ORD,LGA
2061800,9,637,ORD,LGA
2061739,-5,1251,ORD,PHX
2061941,-5,540,ORD,BWI
2061935,34,1604,ORD,SFO
2061210,-3,1511,ORD,PDX
2061809,-1,562,ORD,RDU
2061343,0,879,ORD,TPA
2061058,56,1604,ORD,SFO
2061905,-3,359,ORD,PIT
2061203,5,772,ORD,DEN
2061059,15,511,ORD,IAD
2061759,61,1495,ORD,SEA
2061155,-2,1516,ORD,LAX
2060945,-1,625,ORD,EWR
2060950,101,1316,ORD,LAS
2061507,22,772,ORD,DEN
2061400,0,562,ORD,RDU
2061542,8,772,ORD,DEN
2060945,12,804,ORD,IAH
2061036,10,873,ORD,MCO
2061804,5,532,ORD,DCA
2062105,11,753,ORD,BOS
2061507,0,350,ORD,MCI
2061920,26,589,ORD,PHL
2061320,51,511,ORD,IAD
2060824,3,772,ORD,DEN
2061850,22,459,ORD,ROC
2061210,23,1497,ORD,SAN
2061210,1,1316,ORD,LAS
2061832,23,527,ORD,ATL
2062104,1,804,ORD,IAH
2061948,20,204,ORD,DTW
2061203,-4,804,ORD,IAH
2061500,-1,625,ORD,EWR
2061815,11,681,ORD,BDL
2061708,0,1516,ORD,LAX
2062029,0,772,ORD,DEN
2061627,27,804,ORD,IAH
2060815,-1,1604,ORD,SFO
2061504,1,532,ORD,DCA
2060947,5,1516,ORD,LAX
2060945,86,753,ORD,BOS
2062051,-2,361,ORD,OMA
2061611,-4,532,ORD,DCA
2060858,12,1516,ORD,LAX
2061938,17,772,ORD,DEN
2061202,4,1604,ORD,SFO
2061730,0,1604,ORD,SFO
2061310,127,1604,ORD,SFO
2061000,-1,1497,ORD,SAN
2061832,25,1516,ORD,LAX
2061200,-2,727,ORD,MSY
2062015,15,260,ORD,DSM
2060933,39,1604,ORD,SFO
2061420,41,804,ORD,IAH
2061600,0,625,ORD,EWR
2060636,-3,804,ORD,IAH
2060603,0,625,ORD,EWR
2061320,-7,753,ORD,BOS
2061759,4,1497,ORD,SAN
2060604,-1,532,ORD,DCA
2061654,2,753,ORD,BOS
2061805,20,625,ORD,EWR
2060955,87,1251,ORD,PHX
2060520,-2,804,ORD,IAH
2061000,29,772,ORD,DEN
2060750,-2,804,ORD,IAH
2061333,0,540,ORD,BWI
2060707,9,772,ORD,DEN
2061819,15,511,ORD,IAD
2061621,12,511,ORD,IAD
2061525,6,1604,ORD,SFO
2061810,1,558,ORD,RIC
2061759,3,1548,ORD,SMF
2061045,12,625,ORD,EWR
2061402,73,625,ORD,EWR
2061946,5,974,ORD,RSW
2061850,10,804,ORD,IAH
2061304,-5,532,ORD,DCA
2060803,-2,625,ORD,EWR
2060800,-1,1516,ORD,LAX
2061900,20,119,ORD,GRR
2060637,-4,753,ORD,BOS
2060828,24,1800,ORD,SJU
2061310,13,681,ORD,BDL
2062000,-1,804,ORD,IAH
2061856,11,625,ORD,EWR
2060929,1,912,ORD,SRQ
2060900,9,772,ORD,DEN
2070850,-1,290,ORD,MSP
2070845,21,873,ORD,MCO
2071531,-2,804,ORD,IAH
2071015,-2,3687,ORD,HNL
2071154,3,1251,ORD,PHX
2071950,-1,411,ORD,BUF
2071945,0,1040,ORD,MIA
2071015,22,1604,ORD,SFO
2071550,8,1495,ORD,SEA
2071507,9,1316,ORD,LAS
2071811,144,516,ORD,MDT
2071846,203,527,ORD,ATL
2071435,4,873,ORD,MCO
2071820,4,873,ORD,MCO
2071552,0,1516,ORD,LAX
2071905,-7,257,ORD,CMH
2071404,-6,532,ORD,DCA
2070818,19,1499,ORD,SNA
2070710,-5,589,ORD,PHL
2071035,9,1516,ORD,LAX
2070848,25,511,ORD,IAD
2072010,12,1516,ORD,LAX
2070657,0,1516,ORD,LAX
2071310,4,411,ORD,BUF
2071700,2,772,ORD,DEN
2072119,-2,290,ORD,MSP
2071755,54,1316,ORD,LAS
2071335,-5,290,ORD,MSP
2071320,15,1027,ORD,FLL
2071311,-5,521,ORD,CLT
2071832,-1,753,ORD,BOS
2071941,17,540,ORD,BWI
2072018,21,1604,ORD,SFO
2072105,64,625,ORD,EWR
2071429,0,290,ORD,MSP
2070849,-1,1511,ORD,PDX
2070933,33,1027,ORD,FLL
2071915,14,290,ORD,MSP
2070950,218,1010,ORD,JAC
2070651,-5,1604,ORD,SFO
2071623,-3,1499,ORD,SNA
2071853,107,1604,ORD,SFO
2072030,2,1511,ORD,PDX
2070927,12,879,ORD,TPA
2070828,-2,1495,ORD,SEA
2070700,-8,359,ORD,PIT
2070856,27,625,ORD,EWR
2071302,17,625,ORD,EWR
2071708,-2,350,ORD,MCI
2071320,10,628,ORD,ALB
2071335,-3,589,ORD,PHL
2071759,100,1499,ORD,SNA
2070600,11,637,ORD,LGA
2071210,5,697,ORD,DFW
2070900,-4,637,ORD,LGA
2071641,10,1604,ORD,SFO
2071300,0,637,ORD,LGA
2071400,-5,637,ORD,LGA
2071100,-4,637,ORD,LGA
2071600,-2,637,ORD,LGA
2071800,-4,637,ORD,LGA
2071739,175,1251,ORD,PHX
2071210,6,1511,ORD,PDX
2071809,17,562,ORD,RDU
2071343,3,879,ORD,TPA
2071058,79,1604,ORD,SFO
2071905,3,359,ORD,PIT
2071203,0,772,ORD,DEN
2071059,0,511,ORD,IAD
2071759,18,1495,ORD,SEA
2071155,2,1516,ORD,LAX
2070945,-3,625,ORD,EWR
2070950,23,1316,ORD,LAS
2071507,4,772,ORD,DEN
2071400,2,562,ORD,RDU
2070945,3,804,ORD,IAH
2071036,14,873,ORD,MCO
2071804,14,532,ORD,DCA
2070603,0,625,ORD,EWR
2071832,29,1516,ORD,LAX
2071815,0,681,ORD,BDL
2071507,0,350,ORD,MCI
2071920,43,589,ORD,PHL
2070707,10,772,ORD,DEN
2071320,3,511,ORD,IAD
2071850,11,459,ORD,ROC
2071333,0,540,ORD,BWI
2071000,42,1497,ORD,SAN
2070900,13,772,ORD,DEN
2071210,-3,1316,ORD,LAS
2072104,-2,804,ORD,IAH
2071936,5,204,ORD,DTW
2071203,34,804,ORD,IAH
2071819,10,511,ORD,IAD
2071500,11,625,ORD,EWR
2071310,-2,681,ORD,BDL
2071708,1,1516,ORD,LAX
2072029,0,772,ORD,DEN
2071717,17,804,ORD,IAH
2070815,4,1604,ORD,SFO
2070947,14,1516,ORD,LAX
2070945,-3,753,ORD,BOS
2072051,26,361,ORD,OMA
2071611,0,532,ORD,DCA
2070858,3,1516,ORD,LAX
2071304,-4,532,ORD,DCA
2071938,21,772,ORD,DEN
2071202,-2,1604,ORD,SFO
2071730,36,1604,ORD,SFO
2072105,11,753,ORD,BOS
2071310,0,1604,ORD,SFO
2071210,-2,1497,ORD,SAN
2071200,13,727,ORD,MSY
2072015,11,260,ORD,DSM
2071542,2,772,ORD,DEN
2070933,113,1604,ORD,SFO
2071420,13,804,ORD,IAH
2070636,4,804,ORD,IAH
2071600,-2,625,ORD,EWR
2071320,5,753,ORD,BOS
2071759,28,1497,ORD,SAN
2070604,-4,532,ORD,DCA
2071654,-4,753,ORD,BOS
2071000,50,772,ORD,DEN
2071805,44,625,ORD,EWR
2070955,15,1251,ORD,PHX
2070520,-2,804,ORD,IAH
2070750,7,804,ORD,IAH
2070800,121,1516,ORD,LAX
2070637,-5,753,ORD,BOS
2070820,-4,274,ORD,CLE
2071621,1,511,ORD,IAD
2071525,9,1604,ORD,SFO
2071810,1,558,ORD,RIC
2071759,38,1548,ORD,SMF
2071045,-3,625,ORD,EWR
2071402,1,625,ORD,EWR
2071946,-1,974,ORD,RSW
2071850,84,804,ORD,IAH
2070803,-2,625,ORD,EWR
2071504,-7,532,ORD,DCA
2071900,5,119,ORD,GRR
2070828,-3,1800,ORD,SJU
2072000,1,804,ORD,IAH
2071858,13,625,ORD,EWR
2070929,-4,912,ORD,SRQ
2070824,3,772,ORD,DEN
2081945,68,589,ORD,PHL
2082005,32,290,ORD,MSP
2080800,-2,1516,ORD,LAX
2080845,170,873,ORD,MCO
2081015,83,3687,ORD,HNL
2081945,23,681,ORD,BDL
2081615,22,1040,ORD,MIA
2080750,2,804,ORD,IAH
2081100,22,804,ORD,IAH
2081950,11,411,ORD,BUF
2081310,12,411,ORD,BUF
2081315,31,1516,ORD,LAX
2082005,36,459,ORD,ROC
2081435,47,873,ORD,MCO
2081615,26,974,ORD,RSW
2081930,18,873,ORD,MCO
2081019,-3,1604,ORD,SFO
2080830,-6,637,ORD,LGA
2080919,-1,274,ORD,CLE
2081330,24,532,ORD,DCA
2080945,6,1499,ORD,SNA
2081200,-6,1548,ORD,SMF
2081531,3,804,ORD,IAH
2080849,6,1511,ORD,PDX
2081805,8,260,ORD,DSM
2081335,2,290,ORD,MSP
2081641,16,1604,ORD,SFO
2081800,18,1511,ORD,PDX
2081615,105,753,ORD,BOS
2080600,-4,274,ORD,CLE
2081805,11,290,ORD,MSP
2080950,14,1010,ORD,JAC
2081415,13,804,ORD,IAH
2080651,-5,1604,ORD,SFO
2081930,20,1604,ORD,SFO
2080927,-3,879,ORD,TPA
2081200,17,1495,ORD,SEA
2081945,114,359,ORD,PIT
2081049,2,625,ORD,EWR
2081302,-4,625,ORD,EWR
2081335,88,589,ORD,PHL
2080810,202,772,ORD,DEN
2081815,32,511,ORD,IAD
2081330,21,637,ORD,LGA
2081818,-2,1251,ORD,PHX
2081810,181,1316,ORD,LAS
2080955,3,1251,ORD,PHX
2081945,37,540,ORD,BWI
2081333,22,540,ORD,BWI
2081203,5,772,ORD,DEN
2081040,1,873,ORD,MCO
2081552,8,1516,ORD,LAX
2080929,64,912,ORD,SRQ
2081155,3,1516,ORD,LAX
2080950,-4,1316,ORD,LAS
2081545,6,772,ORD,DEN
2082013,43,361,ORD,OMA
2080520,-2,804,ORD,IAH
2081600,32,873,ORD,MCO
2080945,6,804,ORD,IAH
2081600,33,625,ORD,EWR
2081330,21,753,ORD,BOS
2081320,24,1027,ORD,FLL
2081810,18,1495,ORD,SEA
2081832,168,1516,ORD,LAX
2081320,60,511,ORD,IAD
2081000,5,1497,ORD,SAN
2081000,17,772,ORD,DEN
2081210,43,1316,ORD,LAS
2081203,1,804,ORD,IAH
2081054,8,879,ORD,TPA
2081507,22,772,ORD,DEN
2081717,12,804,ORD,IAH
2080950,14,1516,ORD,LAX
2081945,31,532,ORD,DCA
2081202,2,1604,ORD,SFO
2081930,60,527,ORD,ATL
2080949,0,753,ORD,BOS
2081525,10,1604,ORD,SFO
2081800,21,772,ORD,DEN
2081759,75,1497,ORD,SAN
2080934,62,1604,ORD,SFO
2080636,2,804,ORD,IAH
2081945,50,637,ORD,LGA
2080845,8,1838,ORD,STT
2081818,31,1604,ORD,SFO
2081621,17,511,ORD,IAD
2081310,60,1604,ORD,SFO
2081957,74,562,ORD,RDU
2081500,12,625,ORD,EWR
2081950,48,753,ORD,BOS
2082005,54,204,ORD,DTW
2080933,0,1027,ORD,FLL
2080730,-4,625,ORD,EWR
2081605,15,637,ORD,LGA
2080828,18,1800,ORD,SJU
2081935,16,804,ORD,IAH
2082005,31,257,ORD,CMH
2080900,15,772,ORD,DEN
2082005,24,119,ORD,GRR
2091350,-3,562,ORD,RDU
2090845,-3,873,ORD,MCO
2091531,17,804,ORD,IAH
2091015,-1,3687,ORD,HNL
2090900,1,772,ORD,DEN
2091950,41,411,ORD,BUF
2091507,-5,1316,ORD,LAS
2091811,2,516,ORD,MDT
2091435,55,873,ORD,MCO
2091820,42,873,ORD,MCO
2091905,0,257,ORD,CMH
2090945,-2,1499,ORD,SNA
2091035,-2,1516,ORD,LAX
2091154,27,1251,ORD,PHX
2091310,-8,411,ORD,BUF
2091755,126,1316,ORD,LAS
2091329,3,290,ORD,MSP
2091310,9,1040,ORD,MIA
2091347,3,540,ORD,BWI
2091836,49,753,ORD,BOS
2091941,4,540,ORD,BWI
2092119,-1,290,ORD,MSP
2090815,0,753,ORD,BOS
2091557,5,1516,ORD,LAX
2090900,-6,1027,ORD,FLL
2092018,-3,1604,ORD,SFO
2092105,-3,625,ORD,EWR
2091429,3,290,ORD,MSP
2090849,-1,1511,ORD,PDX
2091315,1,753,ORD,BOS
2091100,-1,804,ORD,IAH
2091915,13,290,ORD,MSP
2090954,10,1010,ORD,JAC
2090955,49,1604,ORD,SFO
2090651,15,1604,ORD,SFO
2091640,-3,1499,ORD,SNA
2091504,131,532,ORD,DCA
2091946,16,974,ORD,RSW
2091859,22,1604,ORD,SFO
2092030,1,1511,ORD,PDX
2090927,5,879,ORD,TPA
2091905,-4,359,ORD,PIT
2091045,-9,625,ORD,EWR
2091259,-4,625,ORD,EWR
2091708,-4,350,ORD,MCI
2091320,24,628,ORD,ALB
2091335,1,589,ORD,PHL
2091759,22,1499,ORD,SNA
2091210,-3,697,ORD,DFW
2091100,-8,637,ORD,LGA
2091529,23,1604,ORD,SFO
2091300,1,637,ORD,LGA
2091320,0,1027,ORD,FLL
2091603,72,637,ORD,LGA
2091800,5,637,ORD,LGA
2091739,4,1251,ORD,PHX
2091935,95,1604,ORD,SFO
2091055,1,753,ORD,BOS
2091210,8,1511,ORD,PDX
2091809,23,562,ORD,RDU
2091059,27,511,ORD,IAD
2091155,-1,1516,ORD,LAX
2091805,87,625,ORD,EWR
2090945,-4,1316,ORD,LAS
2091511,2,772,ORD,DEN
2090945,0,804,ORD,IAH
2091819,2,511,ORD,IAD
2091210,2,1497,ORD,SAN
2091550,25,1495,ORD,SEA
2091000,29,1497,ORD,SAN
2091507,8,350,ORD,MCI
2091712,15,1516,ORD,LAX
2091832,109,527,ORD,ATL
2091320,284,511,ORD,IAD
2091955,20,1040,ORD,MIA
2091203,5,772,ORD,DEN
2092104,-3,804,ORD,IAH
2091000,16,772,ORD,DEN
2091202,14,1604,ORD,SFO
2091942,9,204,ORD,DTW
2091203,-1,804,ORD,IAH
2091349,-3,879,ORD,TPA
2091832,37,1516,ORD,LAX
2092029,16,772,ORD,DEN
2091720,6,804,ORD,IAH
2090821,3,1604,ORD,SFO
2090929,0,912,ORD,SRQ
2091915,18,681,ORD,BDL
2090947,9,1516,ORD,LAX
2092051,91,361,ORD,OMA
2091920,-2,589,ORD,PHL
2090800,1,1516,ORD,LAX
2091939,27,772,ORD,DEN
2091310,166,1604,ORD,SFO
2091730,59,1604,ORD,SFO
2092105,2,753,ORD,BOS
2091054,16,1604,ORD,SFO
2092045,61,260,ORD,DSM
2091545,10,772,ORD,DEN
2090900,104,1604,ORD,SFO
2090520,-5,804,ORD,IAH
2091641,150,1604,ORD,SFO
2091759,-3,1497,ORD,SAN
2091804,9,532,ORD,DCA
2091654,0,753,ORD,BOS
2091036,2,873,ORD,MCO
2090955,27,1251,ORD,PHX
2090744,72,804,ORD,IAH
2091311,-2,521,ORD,CLT
2091209,5,1316,ORD,LAS
2090820,-8,274,ORD,CLE
2090845,15,1838,ORD,STT
2091420,15,804,ORD,IAH
2091759,5,1548,ORD,SMF
2090824,1,772,ORD,DEN
2091621,4,511,ORD,IAD
2091822,11,558,ORD,RIC
2091759,21,1495,ORD,SEA
2091311,9,681,ORD,BDL
2091500,6,625,ORD,EWR
2091600,1,625,ORD,EWR
2091850,0,804,ORD,IAH
2092003,22,1516,ORD,LAX
2091850,30,459,ORD,ROC
2091305,1,532,ORD,DCA
2091900,51,119,ORD,GRR
2090828,72,1800,ORD,SJU
2092003,-2,804,ORD,IAH
2091700,26,772,ORD,DEN
2100850,12,290,ORD,MSP
2100845,18,873,ORD,MCO
2101650,3,804,ORD,IAH
2101015,201,3687,ORD,HNL
2101154,-5,1251,ORD,PHX
2101950,-4,411,ORD,BUF
2101945,-3,1040,ORD,MIA
2101015,1,1604,ORD,SFO
2101550,17,1495,ORD,SEA
2101507,-1,1316,ORD,LAS
2101811,45,516,ORD,MDT
2101435,-7,873,ORD,MCO
2101820,12,873,ORD,MCO
2101905,5,257,ORD,CMH
2101404,-4,532,ORD,DCA
2100818,-3,1499,ORD,SNA
2101310,-5,411,ORD,BUF
2100710,-2,589,ORD,PHL
2100848,100,511,ORD,IAD
2102010,2,1516,ORD,LAX
2100657,-4,1516,ORD,LAX
2101700,102,772,ORD,DEN
2102119,-7,290,ORD,MSP
2101755,13,1316,ORD,LAS
2101335,11,290,ORD,MSP
2101320,4,1027,ORD,FLL
2101311,-2,521,ORD,CLT
2101832,6,753,ORD,BOS
2100933,-2,1027,ORD,FLL
2102018,111,1604,ORD,SFO
2102105,-3,625,ORD,EWR
2101429,-6,290,ORD,MSP
2100849,57,1511,ORD,PDX
2101100,-2,804,ORD,IAH
2101915,-2,290,ORD,MSP
2100950,5,1010,ORD,JAC
2101531,9,804,ORD,IAH
2100651,5,1604,ORD,SFO
2101623,-3,1499,ORD,SNA
2101853,-4,1604,ORD,SFO
2102030,4,1511,ORD,PDX
2100927,7,879,ORD,TPA
2100828,27,1495,ORD,SEA
2100700,-4,359,ORD,PIT
2100856,-4,625,ORD,EWR
2101302,0,625,ORD,EWR
2101708,13,350,ORD,MCI
2101320,2,628,ORD,ALB
2101335,11,589,ORD,PHL
2101759,0,1499,ORD,SNA
2100600,-4,637,ORD,LGA
2101210,71,697,ORD,DFW
2100900,0,637,ORD,LGA
2101641,144,1604,ORD,SFO
2101300,42,637,ORD,LGA
2101400,204,637,ORD,LGA
2101100,118,637,ORD,LGA
2101600,-3,637,ORD,LGA
2101800,1,637,ORD,LGA
2101739,1,1251,ORD,PHX
2101941,31,540,ORD,BWI
2101935,3,1604,ORD,SFO
2101210,-3,1511,ORD,PDX
2101552,107,1516,ORD,LAX
2101809,-1,562,ORD,RDU
2101343,2,879,ORD,TPA
2101058,66,1604,ORD,SFO
2101905,-4,359,ORD,PIT
2101203,54,772,ORD,DEN
2101059,2,511,ORD,IAD
2101759,5,1495,ORD,SEA
2101155,5,1516,ORD,LAX
2100945,79,625,ORD,EWR
2100950,6,1316,ORD,LAS
2101507,14,772,ORD,DEN
2101400,0,562,ORD,RDU
2100945,15,804,ORD,IAH
2101036,-1,873,ORD,MCO
2101804,16,532,ORD,DCA
2102105,21,753,ORD,BOS
2101832,12,1516,ORD,LAX
2101815,4,681,ORD,BDL
2100900,-5,772,ORD,DEN
2101507,1,350,ORD,MCI
2101920,11,589,ORD,PHL
2100707,9,772,ORD,DEN
2101320,11,511,ORD,IAD
2100824,-1,772,ORD,DEN
2101850,-4,459,ORD,ROC
2101000,16,1497,ORD,SAN
2101832,12,527,ORD,ATL
2102104,25,804,ORD,IAH
2101936,8,204,ORD,DTW
2101203,-2,804,ORD,IAH
2101500,1,625,ORD,EWR
2101210,22,1497,ORD,SAN
2101210,1,1316,ORD,LAS
2101708,16,1516,ORD,LAX
2102029,0,772,ORD,DEN
2101627,0,804,ORD,IAH
2100815,0,1604,ORD,SFO
2101504,3,532,ORD,DCA
2100947,4,1516,ORD,LAX
2100945,1,753,ORD,BOS
2102051,8,361,ORD,OMA
2101611,-2,532,ORD,DCA
2100858,19,1516,ORD,LAX
2101304,-4,532,ORD,DCA
2101938,2,772,ORD,DEN
2101202,140,1604,ORD,SFO
2101730,-1,1604,ORD,SFO
2101310,3,1604,ORD,SFO
2101200,-5,727,ORD,MSY
2102015,-2,260,ORD,DSM
2101542,44,772,ORD,DEN
2100933,-2,1604,ORD,SFO
2101420,5,804,ORD,IAH
2101600,3,625,ORD,EWR
2100636,1,804,ORD,IAH
2100603,-1,625,ORD,EWR
2101320,41,753,ORD,BOS
2101759,25,1497,ORD,SAN
2100604,51,532,ORD,DCA
2101654,7,753,ORD,BOS
2101805,6,625,ORD,EWR
2100955,20,1251,ORD,PHX
2100520,-1,804,ORD,IAH
2100750,-2,804,ORD,IAH
2101333,14,540,ORD,BWI
2100820,23,274,ORD,CLE
2101819,18,511,ORD,IAD
2101621,-2,511,ORD,IAD
2101525,12,1604,ORD,SFO
2101810,5,558,ORD,RIC
2101759,20,1548,ORD,SMF
2101045,-4,625,ORD,EWR
2101402,5,625,ORD,EWR
2101946,20,974,ORD,RSW
2101850,25,804,ORD,IAH
2100803,-3,625,ORD,EWR
2100800,10,1516,ORD,LAX
2101900,-1,119,ORD,GRR
2100637,1,753,ORD,BOS
2100828,94,1800,ORD,SJU
2101310,-2,681,ORD,BDL
2102000,-2,804,ORD,IAH
2101900,-3,625,ORD,EWR
2100929,0,912,ORD,SRQ
2101000,-3,772,ORD,DEN
2110850,7,290,ORD,MSP
2110845,-6,873,ORD,MCO
2111717,-2,804,ORD,IAH
2111015,83,3687,ORD,HNL
2111154,-2,1251,ORD,PHX
2111950,-2,411,ORD,BUF
2111945,11,1040,ORD,MIA
2110520,-5,804,ORD,IAH
2111550,18,1495,ORD,SEA
2111507,-2,1316,ORD,LAS
2111811,-6,516,ORD,MDT
2111435,-2,873,ORD,MCO
2111820,-3,873,ORD,MCO
2111905,-3,257,ORD,CMH
2111404,-7,532,ORD,DCA
2110818,-6,1499,ORD,SNA
2111310,-3,411,ORD,BUF
2110710,-3,589,ORD,PHL
2111035,-6,1516,ORD,LAX
2110848,-4,511,ORD,IAD
2112010,5,1516,ORD,LAX
2111302,211,625,ORD,EWR
2112119,-2,290,ORD,MSP
2111755,-1,1316,ORD,LAS
2111335,2,290,ORD,MSP
2111311,59,521,ORD,CLT
2111832,0,753,ORD,BOS
2111210,-3,1511,ORD,PDX
2111654,2,753,ORD,BOS
2112018,-2,1604,ORD,SFO
2111429,-2,290,ORD,MSP
2110849,-3,1511,ORD,PDX
2110933,-1,1027,ORD,FLL
2111915,14,290,ORD,MSP
2110950,-1,1010,ORD,JAC
2111853,4,1604,ORD,SFO
2112030,3,1511,ORD,PDX
2110927,0,879,ORD,TPA
2110828,-5,1495,ORD,SEA
2110700,-7,359,ORD,PIT
2110856,-2,625,ORD,EWR
2111708,12,350,ORD,MCI
2111946,-2,974,ORD,RSW
2111320,-2,628,ORD,ALB
2111335,-7,589,ORD,PHL
2111759,-5,1499,ORD,SNA
2110600,25,637,ORD,LGA
2111210,-1,697,ORD,DFW
2110900,-1,637,ORD,LGA
2111638,11,1604,ORD,SFO
2111300,-7,637,ORD,LGA
2111400,255,637,ORD,LGA
2111100,-5,637,ORD,LGA
2111600,12,637,ORD,LGA
2111912,-4,637,ORD,LGA
2111800,-5,637,ORD,LGA
2111739,-2,1251,ORD,PHX
2110707,-4,772,ORD,DEN
2111531,2,804,ORD,IAH
2111941,11,540,ORD,BWI
2111015,-1,1604,ORD,SFO
2111809,0,562,ORD,RDU
2111343,-1,879,ORD,TPA
2111058,-5,1604,ORD,SFO
2111905,0,359,ORD,PIT
2111203,-4,772,ORD,DEN
2111059,25,511,ORD,IAD
2111552,10,1516,ORD,LAX
2111759,9,1495,ORD,SEA
2111155,2,1516,ORD,LAX
2110950,21,1316,ORD,LAS
2111507,6,772,ORD,DEN
2110945,10,804,ORD,IAH
2111036,-3,873,ORD,MCO
2112105,1,753,ORD,BOS
2111832,18,1516,ORD,LAX
2110900,3,772,ORD,DEN
2111507,-6,350,ORD,MCI
2111542,9,772,ORD,DEN
2111711,18,1516,ORD,LAX
2111700,13,772,ORD,DEN
2111320,-1,511,ORD,IAD
2111000,2,772,ORD,DEN
2111304,-4,532,ORD,DCA
2111850,-4,459,ORD,ROC
2111617,-2,1499,ORD,SNA
2111000,32,1497,ORD,SAN
2111832,0,527,ORD,ATL
2111500,4,625,ORD,EWR
2111400,1,562,ORD,RDU
2111948,143,204,ORD,DTW
2111504,-2,532,ORD,DCA
2111203,19,804,ORD,IAH
2111819,5,511,ORD,IAD
2111920,11,589,ORD,PHL
2111815,38,681,ORD,BDL
2112029,2,772,ORD,DEN
2110815,1,1604,ORD,SFO
2110800,-2,1516,ORD,LAX
2111804,6,532,ORD,DCA
2110858,11,1516,ORD,LAX
2110945,23,753,ORD,BOS
2112051,17,361,ORD,OMA
2111611,231,532,ORD,DCA
2110820,-5,274,ORD,CLE
2111310,1,681,ORD,BDL
2111938,38,772,ORD,DEN
2111202,1,1604,ORD,SFO
2111730,-4,1604,ORD,SFO
2111210,2,1497,ORD,SAN
2111200,-4,727,ORD,MSY
2112015,-1,260,ORD,DSM
2110651,1,1604,ORD,SFO
2111420,115,804,ORD,IAH
2111600,0,625,ORD,EWR
2110636,-3,804,ORD,IAH
2110603,-4,625,ORD,EWR
2111320,-2,753,ORD,BOS
2111759,19,1497,ORD,SAN
2111805,3,625,ORD,EWR
2110955,7,1251,ORD,PHX
2111810,7,558,ORD,RIC
2110750,3,804,ORD,IAH
2110933,27,1604,ORD,SFO
2110637,-6,753,ORD,BOS
2111333,12,540,ORD,BWI
2112105,2,625,ORD,EWR
2111621,-7,511,ORD,IAD
2111525,10,1604,ORD,SFO
2111759,-1,1548,ORD,SMF
2111045,-5,625,ORD,EWR
2111402,-5,625,ORD,EWR
2111850,22,804,ORD,IAH
2111210,1,1316,ORD,LAS
2110803,-8,625,ORD,EWR
2110947,-1,1516,ORD,LAX
2111900,8,119,ORD,GRR
2110828,7,1800,ORD,SJU
2112010,-2,804,ORD,IAH
2111856,27,625,ORD,EWR
2110929,3,912,ORD,SRQ
2110824,-2,772,ORD,DEN
2120850,-2,290,ORD,MSP
2120845,-5,873,ORD,MCO
2121531,4,804,ORD,IAH
2121015,-1,3687,ORD,HNL
2120933,-1,1027,ORD,FLL
2121830,35,628,ORD,ALB
2121210,5,1511,ORD,PDX
2121940,0,850,ORD,AUS
2121550,26,1495,ORD,SEA
2121507,200,1316,ORD,LAS
2121811,-2,516,ORD,MDT
2121435,-2,873,ORD,MCO
2121820,62,873,ORD,MCO
2120824,20,772,ORD,DEN
2121404,2,532,ORD,DCA
2120818,-4,1499,ORD,SNA
2121310,-5,411,ORD,BUF
2120710,-8,589,ORD,PHL
2121035,-3,1516,ORD,LAX
2120848,-5,511,ORD,IAD
2122119,8,290,ORD,MSP
2121552,15,1516,ORD,LAX
2121755,0,1316,ORD,LAS
2121335,-2,290,ORD,MSP
2121320,0,1027,ORD,FLL
2121311,0,521,ORD,CLT
2121759,80,1548,ORD,SMF
2121941,0,540,ORD,BWI
2121601,39,625,ORD,EWR
2121835,0,527,ORD,ATL
2122018,-1,1604,ORD,SFO
2122105,0,625,ORD,EWR
2121429,5,290,ORD,MSP
2120849,3,1511,ORD,PDX
2121915,65,290,ORD,MSP
2120950,0,1010,ORD,JAC
2121900,0,532,ORD,DCA
2121100,-2,804,ORD,IAH
2121058,4,1604,ORD,SFO
2120700,-5,1604,ORD,SFO
2121623,13,1499,ORD,SNA
2121509,9,532,ORD,DCA
2121853,107,1604,ORD,SFO
2121916,0,589,ORD,PHL
2122030,12,1511,ORD,PDX
2120927,1,879,ORD,TPA
2120828,45,1495,ORD,SEA
2120700,-7,359,ORD,PIT
2120850,-5,625,ORD,EWR
2121302,0,625,ORD,EWR
2121708,-6,350,ORD,MCI
2121320,107,628,ORD,ALB
2121335,-4,589,ORD,PHL
2121759,1,1499,ORD,SNA
2120600,0,637,ORD,LGA
2120900,-2,637,ORD,LGA
2121640,7,1604,ORD,SFO
2121300,-4,637,ORD,LGA
2121400,-3,637,ORD,LGA
2121100,-5,637,ORD,LGA
2121600,2,637,ORD,LGA
2121800,0,637,ORD,LGA
2121739,-5,1251,ORD,PHX
2121704,0,532,ORD,DCA
2121202,13,1604,ORD,SFO
2121343,-1,879,ORD,TPA
2121015,14,1604,ORD,SFO
2121905,50,359,ORD,PIT
2121059,-5,511,ORD,IAD
2121759,15,1495,ORD,SEA
2121155,14,1516,ORD,LAX
2120945,-8,625,ORD,EWR
2120950,0,1316,ORD,LAS
2121507,2,772,ORD,DEN
2122105,-1,753,ORD,BOS
2120945,8,804,ORD,IAH
2121204,-2,697,ORD,DFW
2121147,0,562,ORD,RDU
2121832,11,1516,ORD,LAX
2120750,14,804,ORD,IAH
2120900,21,772,ORD,DEN
2120800,6,1516,ORD,LAX
2121507,-1,350,ORD,MCI
2121700,19,772,ORD,DEN
2120707,38,772,ORD,DEN
2121310,113,511,ORD,IAD
2121304,2,532,ORD,DCA
2121850,47,459,ORD,ROC
2121333,4,540,ORD,BWI
2121000,11,1497,ORD,SAN
2121210,1,1316,ORD,LAS
2121936,-3,204,ORD,DTW
2121203,6,804,ORD,IAH
2121819,26,511,ORD,IAD
2121611,6,532,ORD,DCA
2122001,29,1516,ORD,LAX
2121935,73,681,ORD,BDL
2122029,5,772,ORD,DEN
2121717,31,804,ORD,IAH
2120820,0,1604,ORD,SFO
2121310,0,681,ORD,BDL
2120947,7,1516,ORD,LAX
2121905,7,257,ORD,CMH
2120945,12,753,ORD,BOS
2120820,-4,274,ORD,CLE
2120858,106,1516,ORD,LAX
2121938,49,772,ORD,DEN
2121801,9,1604,ORD,SFO
2121832,243,753,ORD,BOS
2121210,-5,1497,ORD,SAN
2121200,7,727,ORD,MSY
2122015,-4,260,ORD,DSM
2121542,5,772,ORD,DEN
2120933,20,1604,ORD,SFO
2121700,17,625,ORD,EWR
2120603,-4,625,ORD,EWR
2121330,1,753,ORD,BOS
2121759,2,1497,ORD,SAN
2121804,0,532,ORD,DCA
2121729,10,753,ORD,BOS
2121805,0,625,ORD,EWR
2120955,13,1251,ORD,PHX
2120520,8,804,ORD,IAH
2121420,8,804,ORD,IAH
2121036,-1,873,ORD,MCO
2121500,25,625,ORD,EWR
2120636,-4,804,ORD,IAH
2121621,11,511,ORD,IAD
2121525,4,1604,ORD,SFO
2122100,0,558,ORD,RIC
2121700,0,637,ORD,LGA
2121950,2,411,ORD,BUF
2121045,7,625,ORD,EWR
2121402,0,625,ORD,EWR
2120637,1,753,ORD,BOS
2121710,72,873,ORD,MCO
2121946,14,974,ORD,RSW
2121850,25,804,ORD,IAH
2121255,8,772,ORD,DEN
2121154,15,1251,ORD,PHX
2120803,5,625,ORD,EWR
2121900,8,119,ORD,GRR
2120828,23,1800,ORD,SJU
2122051,30,1516,ORD,LAX
2122010,32,804,ORD,IAH
2121905,0,625,ORD,EWR
2120929,0,912,ORD,SRQ
2121000,5,772,ORD,DEN
2130930,18,879,ORD,TPA
2131559,53,804,ORD,IAH
2131312,0,511,ORD,IAD
2131015,-8,3687,ORD,HNL
2131400,0,637,ORD,LGA
2131210,29,772,ORD,DEN
2131838,55,527,ORD,ATL
2132050,131,772,ORD,DEN
2131734,-2,850,ORD,AUS
2131945,26,516,ORD,MDT
2131305,0,532,ORD,DCA
2131427,16,873,ORD,MCO
2131709,0,625,ORD,EWR
2131322,-5,1027,ORD,FLL
2130653,0,589,ORD,PHL
2130719,0,804,ORD,IAH
2130852,0,511,ORD,IAD
2131043,-4,1516,ORD,LAX
2131155,48,1251,ORD,PHX
2131159,9,1497,ORD,SAN
2131950,65,1516,ORD,LAX
2131320,0,521,ORD,CLT
2131414,0,625,ORD,EWR
2131527,-7,350,ORD,MCI
2132111,41,290,ORD,MSP
2131755,26,1316,ORD,LAS
2131345,0,628,ORD,ALB
2131450,0,540,ORD,BWI
2131915,0,628,ORD,ALB
2131720,11,1604,ORD,SFO
2130830,-4,1251,ORD,PHX
2132036,23,1548,ORD,SMF
2130954,1,1495,ORD,SEA
2130616,-4,753,ORD,BOS
2131658,-2,290,ORD,MSP
2130947,3,912,ORD,SRQ
2131155,-8,1511,ORD,PDX
2130635,6,912,ORD,SRQ
2130813,11,1316,ORD,LAS
2131313,29,753,ORD,BOS
2130950,-1,1010,ORD,JAC
2130905,0,532,ORD,DCA
2132114,108,625,ORD,EWR
2131205,3,1604,ORD,SFO
2131320,3,516,ORD,MDT
2130705,0,1604,ORD,SFO
2131405,0,532,ORD,DCA
2131505,0,532,ORD,DCA
2131703,2,532,ORD,DCA
2131803,78,532,ORD,DCA
2132112,32,1604,ORD,SFO
2131339,2,359,ORD,PIT
2130705,0,625,ORD,EWR
2130840,0,625,ORD,EWR
2130906,22,1516,ORD,LAX
2131339,0,589,ORD,PHL
2131710,6,1499,ORD,SNA
2130600,0,637,ORD,LGA
2131713,29,772,ORD,DEN
2131630,29,1604,ORD,SFO
2131300,0,637,ORD,LGA
2131751,-2,1516,ORD,LAX
2131824,7,1604,ORD,SFO
2131600,0,637,ORD,LGA
2130700,0,637,ORD,LGA
2131100,0,637,ORD,LGA
2131756,1,1251,ORD,PHX
2131548,-2,1516,ORD,LAX
2130947,51,1251,ORD,PHX
2131905,-1,540,ORD,BWI
2131320,21,751,ORD,JAX
2131925,94,1604,ORD,SFO
2130822,-5,753,ORD,BOS
2130901,11,1604,ORD,SFO
2130801,-1,1604,ORD,SFO
2130950,29,1604,ORD,SFO
2130620,-6,697,ORD,DFW
2131900,10,359,ORD,PIT
2132018,71,1495,ORD,SEA
2131808,0,625,ORD,EWR
2131507,5,772,ORD,DEN
2131202,-1,804,ORD,IAH
2131816,13,727,ORD,MSY
2132012,156,1316,ORD,LAS
2131033,-2,873,ORD,MCO
2130700,23,1516,ORD,LAX
2131950,14,589,ORD,PHL
2131309,7,1516,ORD,LAX
2130809,-4,873,ORD,MCO
2132119,53,804,ORD,IAH
2132024,8,1511,ORD,PDX
2130815,-2,1499,ORD,SNA
2130800,15,1497,ORD,SAN
2131413,0,562,ORD,RDU
2131018,-2,772,ORD,DEN
2131502,92,625,ORD,EWR
2130806,8,1516,ORD,LAX
2131855,6,681,ORD,BDL
2131502,1,260,ORD,DSM
2131938,44,772,ORD,DEN
2131820,0,511,ORD,IAD
2131725,40,804,ORD,IAH
2130600,8,625,ORD,EWR
2131825,6,753,ORD,BOS
2132027,147,1604,ORD,SFO
2132057,0,532,ORD,DCA
2132005,27,1499,ORD,SNA
2131559,7,753,ORD,BOS
2131700,0,637,ORD,LGA
2130541,2,772,ORD,DEN
2131320,0,681,ORD,BDL
2131800,11,637,ORD,LGA
2130713,3,290,ORD,MSP
2131311,248,411,ORD,BUF
2131200,4,1516,ORD,LAX
2131950,58,411,ORD,BUF
2130820,22,772,ORD,DEN
2130839,-2,1511,ORD,PDX
2131834,6,119,ORD,GRR
2131202,13,1495,ORD,SEA
2131058,3,1604,ORD,SFO
2131905,4,879,ORD,TPA
2131813,23,274,ORD,CLE
2131320,66,879,ORD,TPA
2130940,1,804,ORD,IAH
2131830,10,1516,ORD,LAX
2132019,131,804,ORD,IAH
2131959,126,974,ORD,RSW
2130959,2,1030,ORD,BZN
2130515,6,804,ORD,IAH
2131759,103,1497,ORD,SAN
2131401,9,804,ORD,IAH
2131857,0,625,ORD,EWR
2131825,41,558,ORD,RIC
2131300,19,625,ORD,EWR
2130653,7,974,ORD,RSW
2130947,-2,1316,ORD,LAS
2130623,3,804,ORD,IAH
2131320,15,1604,ORD,SFO
2131808,24,257,ORD,CMH
2131848,43,459,ORD,ROC
2130600,0,532,ORD,DCA
2131210,1,1435,ORD,PSP
2131851,143,873,ORD,MCO
2131615,0,511,ORD,IAD
2131516,10,1604,ORD,SFO
2130601,5,873,ORD,MCO
2131951,35,290,ORD,MSP
2132112,0,753,ORD,BOS
2131025,2,753,ORD,BOS
2131823,13,804,ORD,IAH
2130954,1,1027,ORD,FLL
2131157,-4,1316,ORD,LAS
2130529,24,274,ORD,CLE
2130811,4,1800,ORD,SJU
2132045,39,1516,ORD,LAX
2131911,182,804,ORD,IAH
2131705,21,873,ORD,MCO
2130900,-2,772,ORD,DEN
2131603,118,625,ORD,EWR
2131950,1,204,ORD,DTW
2140623,-1,804,ORD,IAH
2141312,5,511,ORD,IAD
2141015,0,3687,ORD,HNL
2141958,8,204,ORD,DTW
2141210,2,772,ORD,DEN
2141838,2,527,ORD,ATL
2141808,23,257,ORD,CMH
2142050,15,772,ORD,DEN
2141734,38,850,ORD,AUS
2141945,27,516,ORD,MDT
2141305,-4,532,ORD,DCA
2141418,2,873,ORD,MCO
2141155,10,1251,ORD,PHX
2141709,116,625,ORD,EWR
2141322,10,1027,ORD,FLL
2140653,0,589,ORD,PHL
2140719,-2,804,ORD,IAH
2140852,0,511,ORD,IAD
2141159,17,1497,ORD,SAN
2141950,6,1516,ORD,LAX
2141848,28,459,ORD,ROC
2141559,4,804,ORD,IAH
2141320,83,521,ORD,CLT
2141414,15,625,ORD,EWR
2141527,17,350,ORD,MCI
2142111,46,290,ORD,MSP
2141755,8,1316,ORD,LAS
2141300,14,625,ORD,EWR
2141905,180,540,ORD,BWI
2141720,14,1604,ORD,SFO
2140830,0,1251,ORD,PHX
2142036,46,1548,ORD,SMF
2140954,5,1495,ORD,SEA
2140616,0,753,ORD,BOS
2141658,11,290,ORD,MSP
2141400,28,637,ORD,LGA
2140635,-5,912,ORD,SRQ
2142024,20,1511,ORD,PDX
2141313,9,753,ORD,BOS
2140520,0,804,ORD,IAH
2140950,1,1010,ORD,JAC
2140905,1,532,ORD,DCA
2142114,31,625,ORD,EWR
2141205,0,1604,ORD,SFO
2141320,6,516,ORD,MDT
2140705,-3,1604,ORD,SFO
2141405,25,532,ORD,DCA
2141505,34,532,ORD,DCA
2141703,0,532,ORD,DCA
2141803,0,532,ORD,DCA
2142112,28,1604,ORD,SFO
2141345,3,628,ORD,ALB
2140840,9,625,ORD,EWR
2140906,3,1516,ORD,LAX
2141339,24,589,ORD,PHL
2141710,0,1499,ORD,SNA
2140600,-4,637,ORD,LGA
2141630,18,1604,ORD,SFO
2141300,28,637,ORD,LGA
2141751,3,1516,ORD,LAX
2141824,33,1604,ORD,SFO
2141600,20,637,ORD,LGA
2141834,16,119,ORD,GRR
2140700,24,637,ORD,LGA
2141100,65,637,ORD,LGA
2141756,27,1251,ORD,PHX
2141548,11,1516,ORD,LAX
2141339,9,359,ORD,PIT
2140947,5,1251,ORD,PHX
2141320,-3,751,ORD,JAX
2141925,5,1604,ORD,SFO
2140822,39,753,ORD,BOS
2140901,40,1604,ORD,SFO
2140801,18,1604,ORD,SFO
2140950,12,1604,ORD,SFO
2140620,-1,697,ORD,DFW
2141900,22,359,ORD,PIT
2142018,3,1495,ORD,SEA
2141808,16,625,ORD,EWR
2140813,7,1316,ORD,LAS
2141507,37,772,ORD,DEN
2141202,10,804,ORD,IAH
2142057,13,532,ORD,DCA
2141816,74,727,ORD,MSY
2142028,0,1316,ORD,LAS
2141825,31,558,ORD,RIC
2141033,53,873,ORD,MCO
2140700,5,1516,ORD,LAX
2140933,19,879,ORD,TPA
2141950,3,589,ORD,PHL
2141155,6,1511,ORD,PDX
2142119,36,804,ORD,IAH
2141311,-1,411,ORD,BUF
2140800,0,1497,ORD,SAN
2141413,19,562,ORD,RDU
2140809,110,873,ORD,MCO
2141800,28,637,ORD,LGA
2141502,68,625,ORD,EWR
2140806,5,1516,ORD,LAX
2141157,101,1316,ORD,LAS
2141502,21,260,ORD,DSM
2141938,50,772,ORD,DEN
2141725,47,804,ORD,IAH
2140600,0,625,ORD,EWR
2141003,72,1516,ORD,LAX
2141320,1,681,ORD,BDL
2141825,78,753,ORD,BOS
2142105,89,511,ORD,IAD
2142005,42,1499,ORD,SNA
2141559,9,753,ORD,BOS
2141713,3,772,ORD,DEN
2141200,37,1516,ORD,LAX
2141813,54,274,ORD,CLE
2140713,0,290,ORD,MSP
2141950,15,411,ORD,BUF
2141320,13,879,ORD,TPA
2140815,2,772,ORD,DEN
2140839,0,1511,ORD,PDX
2141905,36,879,ORD,TPA
2141202,10,1495,ORD,SEA
2141058,2,1604,ORD,SFO
2141820,25,511,ORD,IAD
2140940,65,804,ORD,IAH
2141830,14,1516,ORD,LAX
2142019,61,804,ORD,IAH
2141951,8,290,ORD,MSP
2142000,12,974,ORD,RSW
2141700,0,637,ORD,LGA
2141759,36,1497,ORD,SAN
2142120,0,753,ORD,BOS
2141857,68,625,ORD,EWR
2140653,2,974,ORD,RSW
2140947,8,1316,ORD,LAS
2140705,0,625,ORD,EWR
2141320,14,1604,ORD,SFO
2141944,8,873,ORD,MCO
2140600,0,532,ORD,DCA
2141401,29,804,ORD,IAH
2141210,32,1435,ORD,PSP
2141018,3,772,ORD,DEN
2140959,25,1030,ORD,BZN
2141855,86,681,ORD,BDL
2140600,6,772,ORD,DEN
2141615,36,511,ORD,IAD
2141516,36,1604,ORD,SFO
2140601,9,873,ORD,MCO
2141450,1,540,ORD,BWI
2140947,14,912,ORD,SRQ
2141025,0,753,ORD,BOS
2141823,114,804,ORD,IAH
2140954,15,1027,ORD,FLL
2140815,-2,1499,ORD,SNA
2142030,6,1604,ORD,SFO
2141041,8,1516,ORD,LAX
2140600,-5,274,ORD,CLE
2140811,20,1800,ORD,SJU
2142045,35,1516,ORD,LAX
2141911,16,804,ORD,IAH
2141705,19,873,ORD,MCO
2140903,6,772,ORD,DEN
2141603,-4,625,ORD,EWR
2141915,13,628,ORD,ALB
2150947,-5,912,ORD,SRQ
2150520,8,804,ORD,IAH
2151559,-1,804,ORD,IAH
2151015,439,3687,ORD,HNL
2151202,-5,804,ORD,IAH
2151204,8,772,ORD,DEN
2151930,13,527,ORD,ATL
2151815,1,1499,ORD,SNA
2151945,66,516,ORD,MDT
2151427,6,873,ORD,MCO
2150600,-4,274,ORD,CLE
2150945,41,1511,ORD,PDX
2150830,4,1495,ORD,SEA
2150852,114,511,ORD,IAD
2151155,9,1251,ORD,PHX
2151950,28,1516,ORD,LAX
2150719,71,804,ORD,IAH
2150908,10,772,ORD,DEN
2151310,44,511,ORD,IAD
2151930,282,628,ORD,ALB
2151815,23,1548,ORD,SMF
2150600,-3,753,ORD,BOS
2151515,0,290,ORD,MSP
2150945,51,1516,ORD,LAX
2150635,-11,912,ORD,SRQ
2151313,-2,753,ORD,BOS
2150615,-5,804,ORD,IAH
2150951,30,1010,ORD,JAC
2151401,38,804,ORD,IAH
2151205,5,1604,ORD,SFO
2151300,11,532,ORD,DCA
2151612,-1,532,ORD,DCA
2150927,21,879,ORD,TPA
2151312,32,1511,ORD,PDX
2150840,4,625,ORD,EWR
2151025,8,1040,ORD,MIA
2151300,14,1497,ORD,SAN
2151023,2,753,ORD,BOS
2150705,-2,637,ORD,LGA
2151650,0,1604,ORD,SFO
2151330,88,637,ORD,LGA
2151600,-2,637,ORD,LGA
2151936,28,637,ORD,LGA
2151810,-1,727,ORD,MSY
2151545,36,1251,ORD,PHX
2150947,2,1251,ORD,PHX
2151312,0,511,ORD,IAD
2151605,0,753,ORD,BOS
2150705,0,1604,ORD,SFO
2150926,0,1604,ORD,SFO
2151645,13,873,ORD,MCO
2151548,4,1516,ORD,LAX
2151815,43,1495,ORD,SEA
2151200,-1,1516,ORD,LAX
2150645,-3,625,ORD,EWR
2151507,14,772,ORD,DEN
2151100,2,879,ORD,TPA
2150601,1,873,ORD,MCO
2151935,-2,873,ORD,MCO
2151800,21,1316,ORD,LAS
2152030,136,257,ORD,CMH
2151316,71,1027,ORD,FLL
2151310,193,625,ORD,EWR
2150806,11,1516,ORD,LAX
2150945,18,1435,ORD,PSP
2151930,2,589,ORD,PHL
2151020,21,772,ORD,DEN
2151930,0,753,ORD,BOS
2151333,64,589,ORD,PHL
2151725,26,804,ORD,IAH
2151935,20,532,ORD,DCA
2152045,103,361,ORD,OMA
2151202,30,1495,ORD,SEA
